model,operating_point,auroc,average_precision,threshold,tp,fp,tn,fn,precision,recall,specificity,f1
scalar_logistic,recall_at_least_0.95,0.8241157942824169,0.4778749382445704,0.13068124974907208,190,652,393,9,0.22565320665083136,0.9547738693467337,0.37607655502392345,0.3650336215177714
scalar_logistic,recall_at_least_0.90,0.8241157942824169,0.4778749382445704,0.28302539506266783,180,492,553,19,0.26785714285714285,0.9045226130653267,0.5291866028708134,0.4133180252583238
scalar_logistic,recall_at_least_0.85,0.8241157942824169,0.4778749382445704,0.36930832439860894,171,409,636,28,0.29482758620689653,0.8592964824120602,0.6086124401913876,0.4390243902439025
scalar_logistic,recall_at_least_0.80,0.8241157942824169,0.4778749382445704,0.41401155981322524,161,334,711,38,0.32525252525252524,0.8090452261306532,0.6803827751196172,0.46397694524495675
scalar_logistic,recall_at_least_0.75,0.8241157942824169,0.4778749382445704,0.4565776380918417,151,277,768,48,0.352803738317757,0.7587939698492462,0.7349282296650718,0.481658692185008
scalar_logistic,best_f1,0.8241157942824169,0.4778749382445704,0.5391123359578109,129,176,869,70,0.42295081967213116,0.6482412060301508,0.8315789473684211,0.5119047619047619
patch_logistic,recall_at_least_0.95,0.8243971051429396,0.509970242528811,0.02711704013585859,191,701,344,8,0.2141255605381166,0.9597989949748744,0.3291866028708134,0.35013748854262144
patch_logistic,recall_at_least_0.90,0.8243971051429396,0.509970242528811,0.12227318654543663,183,522,523,16,0.25957446808510637,0.9195979899497487,0.5004784688995215,0.40486725663716816
patch_logistic,recall_at_least_0.85,0.8243971051429396,0.509970242528811,0.26780665984308266,170,385,660,29,0.3063063063063063,0.8542713567839196,0.631578947368421,0.4509283819628648
patch_logistic,recall_at_least_0.80,0.8243971051429396,0.509970242528811,0.3845677953298877,160,296,749,39,0.3508771929824561,0.8040201005025126,0.7167464114832536,0.48854961832061067
patch_logistic,recall_at_least_0.75,0.8243971051429396,0.509970242528811,0.44489580139019885,150,251,794,49,0.3740648379052369,0.7537688442211056,0.7598086124401914,0.5000000000000001
patch_logistic,best_f1,0.8243971051429396,0.509970242528811,0.6499921070952983,109,114,931,90,0.48878923766816146,0.5477386934673367,0.8909090909090909,0.5165876777251185
hybrid_logistic,recall_at_least_0.95,0.830811954509389,0.5142180933592648,0.03951668386463778,190,635,410,9,0.23030303030303031,0.9547738693467337,0.3923444976076555,0.37109375
hybrid_logistic,recall_at_least_0.90,0.830811954509389,0.5142180933592648,0.15555300070894212,180,477,568,19,0.273972602739726,0.9045226130653267,0.5435406698564593,0.4205607476635514
hybrid_logistic,recall_at_least_0.85,0.830811954509389,0.5142180933592648,0.29274977404468805,170,353,692,29,0.32504780114722753,0.8542713567839196,0.662200956937799,0.4709141274238227
hybrid_logistic,recall_at_least_0.80,0.830811954509389,0.5142180933592648,0.39070369032552105,160,281,764,39,0.36281179138321995,0.8040201005025126,0.7311004784688995,0.5
hybrid_logistic,recall_at_least_0.75,0.830811954509389,0.5142180933592648,0.46130907610267974,150,245,800,49,0.379746835443038,0.7537688442211056,0.7655502392344498,0.5050505050505051
hybrid_logistic,best_f1,0.830811954509389,0.5142180933592648,0.623147203141055,114,126,919,85,0.475,0.5728643216080402,0.8794258373205741,0.5193621867881549
