map_name,policy,success,steps,queries,query_cost,collisions,timeout,decisions,inadequate_candidates,monitor_accepts,monitor_rejects,beneficial_query_opportunities,neutral_query_opportunities,harmful_query_opportunities,positive_step_gain_total,true_positive,false_positive,true_negative,false_negative,query_precision,query_recall
simple,always_trust,True,11,0,0.0,0,False,11,0,11,0,0,11,0,0,0,0,11,0,1.0,1.0
simple,always_query,True,11,11,11.0,0,False,11,0,0,11,0,11,0,0,0,11,0,0,0.0,1.0
simple,monitor,True,11,2,2.0,0,False,11,0,9,2,0,11,0,0,0,2,9,0,0.0,1.0
branch,always_trust,True,12,0,0.0,0,False,12,0,12,0,0,12,0,0,0,0,12,0,1.0,1.0
branch,always_query,True,12,12,12.0,0,False,12,0,0,12,0,12,0,0,0,12,0,0,0.0,1.0
branch,monitor,True,12,2,2.0,0,False,12,0,10,2,0,12,0,0,0,2,10,0,0.0,1.0
detour,always_trust,True,24,0,0.0,0,False,24,0,24,0,0,24,0,0,0,0,24,0,1.0,1.0
detour,always_query,True,24,24,24.0,0,False,24,0,0,24,0,24,0,0,0,24,0,0,0.0,1.0
detour,monitor,True,24,3,3.0,0,False,24,0,21,3,0,24,0,0,0,3,21,0,0.0,1.0
dead_end,always_trust,True,12,0,0.0,0,False,12,0,12,0,0,12,0,0,0,0,12,0,1.0,1.0
dead_end,always_query,True,12,12,12.0,0,False,12,0,0,12,0,12,0,0,0,12,0,0,0.0,1.0
dead_end,monitor,True,12,2,2.0,0,False,12,0,10,2,0,12,0,0,0,2,10,0,0.0,1.0
corridor,always_trust,True,26,0,0.0,0,False,26,4,26,0,7,19,0,34,0,0,19,7,1.0,0.0
corridor,always_query,True,18,18,18.0,0,False,18,0,0,18,3,15,0,8,3,15,0,0,0.16666666666666666,1.0
corridor,monitor,True,18,5,5.0,0,False,18,0,13,5,3,15,0,8,3,2,13,0,0.6,1.0
