operating_point,threshold,map_seed,samples,inadequate_count,tp,fp,tn,fn,accuracy,precision,recall,specificity,fpr,fnr,f1,balanced_accuracy,predicted_positive_rate
saved_model_threshold,0.28302539506266783,1000,32,6,5,12,14,1,0.59375,0.29411764705882354,0.8333333333333334,0.5384615384615384,0.46153846153846156,0.16666666666666666,0.4347826086956522,0.6858974358974359,0.53125
saved_model_threshold,0.28302539506266783,1001,54,11,4,14,29,7,0.6111111111111112,0.2222222222222222,0.36363636363636365,0.6744186046511628,0.32558139534883723,0.6363636363636364,0.27586206896551724,0.5190274841437632,0.3333333333333333
saved_model_threshold,0.28302539506266783,1002,28,2,2,16,10,0,0.42857142857142855,0.1111111111111111,1.0,0.38461538461538464,0.6153846153846154,0.0,0.19999999999999998,0.6923076923076923,0.6428571428571429
saved_model_threshold,0.28302539506266783,1003,20,0,0,14,6,0,0.3,0.0,0.0,0.3,0.7,0.0,0.0,0.15,0.7
saved_model_threshold,0.28302539506266783,1004,44,10,10,10,24,0,0.7727272727272727,0.5,1.0,0.7058823529411765,0.29411764705882354,0.0,0.6666666666666666,0.8529411764705883,0.45454545454545453
saved_model_threshold,0.28302539506266783,1005,24,2,2,15,7,0,0.375,0.11764705882352941,1.0,0.3181818181818182,0.6818181818181818,0.0,0.21052631578947367,0.6590909090909091,0.7083333333333334
saved_model_threshold,0.28302539506266783,1006,20,0,0,14,6,0,0.3,0.0,0.0,0.3,0.7,0.0,0.0,0.15,0.7
saved_model_threshold,0.28302539506266783,1007,24,2,2,15,7,0,0.375,0.11764705882352941,1.0,0.3181818181818182,0.6818181818181818,0.0,0.21052631578947367,0.6590909090909091,0.7083333333333334
saved_model_threshold,0.28302539506266783,1008,44,11,10,9,24,1,0.7727272727272727,0.5263157894736842,0.9090909090909091,0.7272727272727273,0.2727272727272727,0.09090909090909091,0.6666666666666666,0.8181818181818181,0.4318181818181818
saved_model_threshold,0.28302539506266783,1009,50,11,10,8,31,1,0.82,0.5555555555555556,0.9090909090909091,0.7948717948717948,0.20512820512820512,0.09090909090909091,0.6896551724137931,0.8519813519813519,0.36
saved_model_threshold,0.28302539506266783,1010,24,2,2,15,7,0,0.375,0.11764705882352941,1.0,0.3181818181818182,0.6818181818181818,0.0,0.21052631578947367,0.6590909090909091,0.7083333333333334
saved_model_threshold,0.28302539506266783,1011,20,0,0,15,5,0,0.25,0.0,0.0,0.25,0.75,0.0,0.0,0.125,0.75
saved_model_threshold,0.28302539506266783,1012,30,5,5,14,11,0,0.5333333333333333,0.2631578947368421,1.0,0.44,0.56,0.0,0.4166666666666667,0.72,0.6333333333333333
saved_model_threshold,0.28302539506266783,1013,30,5,5,13,12,0,0.5666666666666667,0.2777777777777778,1.0,0.48,0.52,0.0,0.4347826086956522,0.74,0.6
saved_model_threshold,0.28302539506266783,1014,24,2,2,12,10,0,0.5,0.14285714285714285,1.0,0.45454545454545453,0.5454545454545454,0.0,0.25,0.7272727272727273,0.5833333333333334
saved_model_threshold,0.28302539506266783,1015,30,5,5,13,12,0,0.5666666666666667,0.2777777777777778,1.0,0.48,0.52,0.0,0.4347826086956522,0.74,0.6
saved_model_threshold,0.28302539506266783,1016,22,1,1,13,8,0,0.4090909090909091,0.07142857142857142,1.0,0.38095238095238093,0.6190476190476191,0.0,0.13333333333333333,0.6904761904761905,0.6363636363636364
saved_model_threshold,0.28302539506266783,1017,24,2,2,11,11,0,0.5416666666666666,0.15384615384615385,1.0,0.5,0.5,0.0,0.2666666666666667,0.75,0.5416666666666666
saved_model_threshold,0.28302539506266783,1018,20,0,0,14,6,0,0.3,0.0,0.0,0.3,0.7,0.0,0.0,0.15,0.7
saved_model_threshold,0.28302539506266783,1019,40,9,8,14,17,1,0.625,0.36363636363636365,0.8888888888888888,0.5483870967741935,0.45161290322580644,0.1111111111111111,0.5161290322580644,0.7186379928315412,0.55
saved_model_threshold,0.28302539506266783,1020,20,0,0,16,4,0,0.2,0.0,0.0,0.2,0.8,0.0,0.0,0.1,0.8
saved_model_threshold,0.28302539506266783,1021,28,4,4,12,12,0,0.5714285714285714,0.25,1.0,0.5,0.5,0.0,0.4,0.75,0.5714285714285714
saved_model_threshold,0.28302539506266783,1022,44,11,10,10,23,1,0.75,0.5,0.9090909090909091,0.696969696969697,0.30303030303030304,0.09090909090909091,0.6451612903225806,0.803030303030303,0.45454545454545453
saved_model_threshold,0.28302539506266783,1023,30,4,4,13,13,0,0.5666666666666667,0.23529411764705882,1.0,0.5,0.5,0.0,0.38095238095238093,0.75,0.5666666666666667
saved_model_threshold,0.28302539506266783,1024,20,0,0,14,6,0,0.3,0.0,0.0,0.3,0.7,0.0,0.0,0.15,0.7
saved_model_threshold,0.28302539506266783,1025,44,12,11,8,24,1,0.7954545454545454,0.5789473684210527,0.9166666666666666,0.75,0.25,0.08333333333333333,0.7096774193548387,0.8333333333333333,0.4318181818181818
saved_model_threshold,0.28302539506266783,1026,34,7,7,10,17,0,0.7058823529411765,0.4117647058823529,1.0,0.6296296296296297,0.37037037037037035,0.0,0.5833333333333334,0.8148148148148149,0.5
saved_model_threshold,0.28302539506266783,1027,34,7,7,9,18,0,0.7352941176470589,0.4375,1.0,0.6666666666666666,0.3333333333333333,0.0,0.6086956521739131,0.8333333333333333,0.47058823529411764
saved_model_threshold,0.28302539506266783,1028,32,5,5,9,18,0,0.71875,0.35714285714285715,1.0,0.6666666666666666,0.3333333333333333,0.0,0.5263157894736842,0.8333333333333333,0.4375
saved_model_threshold,0.28302539506266783,1029,28,2,1,14,12,1,0.4642857142857143,0.06666666666666667,0.5,0.46153846153846156,0.5384615384615384,0.5,0.11764705882352941,0.4807692307692308,0.5357142857142857
saved_model_threshold,0.28302539506266783,1030,26,3,3,15,8,0,0.4230769230769231,0.16666666666666666,1.0,0.34782608695652173,0.6521739130434783,0.0,0.2857142857142857,0.6739130434782609,0.6923076923076923
saved_model_threshold,0.28302539506266783,1031,32,6,6,12,14,0,0.625,0.3333333333333333,1.0,0.5384615384615384,0.46153846153846156,0.0,0.5,0.7692307692307692,0.5625
saved_model_threshold,0.28302539506266783,1032,20,0,0,15,5,0,0.25,0.0,0.0,0.25,0.75,0.0,0.0,0.125,0.75
saved_model_threshold,0.28302539506266783,1033,34,7,7,13,14,0,0.6176470588235294,0.35,1.0,0.5185185185185185,0.48148148148148145,0.0,0.5185185185185185,0.7592592592592593,0.5882352941176471
saved_model_threshold,0.28302539506266783,1034,24,1,1,16,7,0,0.3333333333333333,0.058823529411764705,1.0,0.30434782608695654,0.6956521739130435,0.0,0.1111111111111111,0.6521739130434783,0.7083333333333334
saved_model_threshold,0.28302539506266783,1035,32,6,6,12,14,0,0.625,0.3333333333333333,1.0,0.5384615384615384,0.46153846153846156,0.0,0.5,0.7692307692307692,0.5625
saved_model_threshold,0.28302539506266783,1036,26,3,3,13,10,0,0.5,0.1875,1.0,0.43478260869565216,0.5652173913043478,0.0,0.3157894736842105,0.717391304347826,0.6153846153846154
saved_model_threshold,0.28302539506266783,1037,34,7,7,9,18,0,0.7352941176470589,0.4375,1.0,0.6666666666666666,0.3333333333333333,0.0,0.6086956521739131,0.8333333333333333,0.47058823529411764
saved_model_threshold,0.28302539506266783,1038,38,9,9,9,20,0,0.7631578947368421,0.5,1.0,0.6896551724137931,0.3103448275862069,0.0,0.6666666666666666,0.8448275862068966,0.47368421052631576
saved_model_threshold,0.28302539506266783,1039,60,19,14,2,39,5,0.8833333333333333,0.875,0.7368421052631579,0.9512195121951219,0.04878048780487805,0.2631578947368421,0.7999999999999999,0.8440308087291399,0.26666666666666666
best_f1,0.5391123359578109,1000,32,6,5,4,22,1,0.84375,0.5555555555555556,0.8333333333333334,0.8461538461538461,0.15384615384615385,0.16666666666666666,0.6666666666666667,0.8397435897435898,0.28125
best_f1,0.5391123359578109,1001,54,11,1,4,39,10,0.7407407407407407,0.2,0.09090909090909091,0.9069767441860465,0.09302325581395349,0.9090909090909091,0.12500000000000003,0.4989429175475687,0.09259259259259259
best_f1,0.5391123359578109,1002,28,2,1,8,18,1,0.6785714285714286,0.1111111111111111,0.5,0.6923076923076923,0.3076923076923077,0.5,0.1818181818181818,0.5961538461538461,0.32142857142857145
best_f1,0.5391123359578109,1003,20,0,0,7,13,0,0.65,0.0,0.0,0.65,0.35,0.0,0.0,0.325,0.35
best_f1,0.5391123359578109,1004,44,10,7,6,28,3,0.7954545454545454,0.5384615384615384,0.7,0.8235294117647058,0.17647058823529413,0.3,0.608695652173913,0.7617647058823529,0.29545454545454547
best_f1,0.5391123359578109,1005,24,2,2,3,19,0,0.875,0.4,1.0,0.8636363636363636,0.13636363636363635,0.0,0.5714285714285715,0.9318181818181819,0.20833333333333334
best_f1,0.5391123359578109,1006,20,0,0,6,14,0,0.7,0.0,0.0,0.7,0.3,0.0,0.0,0.35,0.3
best_f1,0.5391123359578109,1007,24,2,2,7,15,0,0.7083333333333334,0.2222222222222222,1.0,0.6818181818181818,0.3181818181818182,0.0,0.3636363636363636,0.8409090909090908,0.375
best_f1,0.5391123359578109,1008,44,11,5,4,29,6,0.7727272727272727,0.5555555555555556,0.45454545454545453,0.8787878787878788,0.12121212121212122,0.5454545454545454,0.5,0.6666666666666666,0.20454545454545456
best_f1,0.5391123359578109,1009,50,11,4,2,37,7,0.82,0.6666666666666666,0.36363636363636365,0.9487179487179487,0.05128205128205128,0.6363636363636364,0.4705882352941177,0.6561771561771561,0.12
best_f1,0.5391123359578109,1010,24,2,2,6,16,0,0.75,0.25,1.0,0.7272727272727273,0.2727272727272727,0.0,0.4,0.8636363636363636,0.3333333333333333
best_f1,0.5391123359578109,1011,20,0,0,4,16,0,0.8,0.0,0.0,0.8,0.2,0.0,0.0,0.4,0.2
best_f1,0.5391123359578109,1012,30,5,5,6,19,0,0.8,0.45454545454545453,1.0,0.76,0.24,0.0,0.625,0.88,0.36666666666666664
best_f1,0.5391123359578109,1013,30,5,4,2,23,1,0.9,0.6666666666666666,0.8,0.92,0.08,0.2,0.7272727272727272,0.8600000000000001,0.2
best_f1,0.5391123359578109,1014,24,2,1,6,16,1,0.7083333333333334,0.14285714285714285,0.5,0.7272727272727273,0.2727272727272727,0.5,0.22222222222222224,0.6136363636363636,0.2916666666666667
best_f1,0.5391123359578109,1015,30,5,3,5,20,2,0.7666666666666667,0.375,0.6,0.8,0.2,0.4,0.4615384615384615,0.7,0.26666666666666666
best_f1,0.5391123359578109,1016,22,1,1,6,15,0,0.7272727272727273,0.14285714285714285,1.0,0.7142857142857143,0.2857142857142857,0.0,0.25,0.8571428571428572,0.3181818181818182
best_f1,0.5391123359578109,1017,24,2,1,6,16,1,0.7083333333333334,0.14285714285714285,0.5,0.7272727272727273,0.2727272727272727,0.5,0.22222222222222224,0.6136363636363636,0.2916666666666667
best_f1,0.5391123359578109,1018,20,0,0,8,12,0,0.6,0.0,0.0,0.6,0.4,0.0,0.0,0.3,0.4
best_f1,0.5391123359578109,1019,40,9,6,5,26,3,0.8,0.5454545454545454,0.6666666666666666,0.8387096774193549,0.16129032258064516,0.3333333333333333,0.6,0.7526881720430108,0.275
best_f1,0.5391123359578109,1020,20,0,0,5,15,0,0.75,0.0,0.0,0.75,0.25,0.0,0.0,0.375,0.25
best_f1,0.5391123359578109,1021,28,4,3,1,23,1,0.9285714285714286,0.75,0.75,0.9583333333333334,0.041666666666666664,0.25,0.75,0.8541666666666667,0.14285714285714285
best_f1,0.5391123359578109,1022,44,11,8,0,33,3,0.9318181818181818,1.0,0.7272727272727273,1.0,0.0,0.2727272727272727,0.8421052631578948,0.8636363636363636,0.18181818181818182
best_f1,0.5391123359578109,1023,30,4,4,5,21,0,0.8333333333333334,0.4444444444444444,1.0,0.8076923076923077,0.19230769230769232,0.0,0.6153846153846153,0.9038461538461539,0.3
best_f1,0.5391123359578109,1024,20,0,0,7,13,0,0.65,0.0,0.0,0.65,0.35,0.0,0.0,0.325,0.35
best_f1,0.5391123359578109,1025,44,12,8,1,31,4,0.8863636363636364,0.8888888888888888,0.6666666666666666,0.96875,0.03125,0.3333333333333333,0.761904761904762,0.8177083333333333,0.20454545454545456
best_f1,0.5391123359578109,1026,34,7,5,1,26,2,0.9117647058823529,0.8333333333333334,0.7142857142857143,0.9629629629629629,0.037037037037037035,0.2857142857142857,0.7692307692307692,0.8386243386243386,0.17647058823529413
best_f1,0.5391123359578109,1027,34,7,6,5,22,1,0.8235294117647058,0.5454545454545454,0.8571428571428571,0.8148148148148148,0.18518518518518517,0.14285714285714285,0.6666666666666665,0.8359788359788359,0.3235294117647059
best_f1,0.5391123359578109,1028,32,5,3,4,23,2,0.8125,0.42857142857142855,0.6,0.8518518518518519,0.14814814814814814,0.4,0.5,0.7259259259259259,0.21875
best_f1,0.5391123359578109,1029,28,2,1,6,20,1,0.75,0.14285714285714285,0.5,0.7692307692307693,0.23076923076923078,0.5,0.22222222222222224,0.6346153846153846,0.25
best_f1,0.5391123359578109,1030,26,3,3,5,18,0,0.8076923076923077,0.375,1.0,0.782608695652174,0.21739130434782608,0.0,0.5454545454545454,0.8913043478260869,0.3076923076923077
best_f1,0.5391123359578109,1031,32,6,6,4,22,0,0.875,0.6,1.0,0.8461538461538461,0.15384615384615385,0.0,0.7499999999999999,0.9230769230769231,0.3125
best_f1,0.5391123359578109,1032,20,0,0,4,16,0,0.8,0.0,0.0,0.8,0.2,0.0,0.0,0.4,0.2
best_f1,0.5391123359578109,1033,34,7,5,3,24,2,0.8529411764705882,0.625,0.7142857142857143,0.8888888888888888,0.1111111111111111,0.2857142857142857,0.6666666666666666,0.8015873015873016,0.23529411764705882
best_f1,0.5391123359578109,1034,24,1,1,5,18,0,0.7916666666666666,0.16666666666666666,1.0,0.782608695652174,0.21739130434782608,0.0,0.2857142857142857,0.8913043478260869,0.25
best_f1,0.5391123359578109,1035,32,6,5,4,22,1,0.84375,0.5555555555555556,0.8333333333333334,0.8461538461538461,0.15384615384615385,0.16666666666666666,0.6666666666666667,0.8397435897435898,0.28125
best_f1,0.5391123359578109,1036,26,3,3,6,17,0,0.7692307692307693,0.3333333333333333,1.0,0.7391304347826086,0.2608695652173913,0.0,0.5,0.8695652173913043,0.34615384615384615
best_f1,0.5391123359578109,1037,34,7,5,4,23,2,0.8235294117647058,0.5555555555555556,0.7142857142857143,0.8518518518518519,0.14814814814814814,0.2857142857142857,0.6250000000000001,0.783068783068783,0.2647058823529412
best_f1,0.5391123359578109,1038,38,9,7,1,28,2,0.9210526315789473,0.875,0.7777777777777778,0.9655172413793104,0.034482758620689655,0.2222222222222222,0.823529411764706,0.8716475095785441,0.21052631578947367
best_f1,0.5391123359578109,1039,60,19,6,0,41,13,0.7833333333333333,1.0,0.3157894736842105,1.0,0.0,0.6842105263157895,0.4799999999999999,0.6578947368421053,0.1
recall_at_least_0.95,0.13068124974907208,1000,32,6,5,17,9,1,0.4375,0.22727272727272727,0.8333333333333334,0.34615384615384615,0.6538461538461539,0.16666666666666666,0.35714285714285715,0.5897435897435898,0.6875
recall_at_least_0.95,0.13068124974907208,1001,54,11,8,24,19,3,0.5,0.25,0.7272727272727273,0.4418604651162791,0.5581395348837209,0.2727272727272727,0.37209302325581395,0.5845665961945032,0.5925925925925926
recall_at_least_0.95,0.13068124974907208,1002,28,2,2,20,6,0,0.2857142857142857,0.09090909090909091,1.0,0.23076923076923078,0.7692307692307693,0.0,0.16666666666666669,0.6153846153846154,0.7857142857142857
recall_at_least_0.95,0.13068124974907208,1003,20,0,0,17,3,0,0.15,0.0,0.0,0.15,0.85,0.0,0.0,0.075,0.85
recall_at_least_0.95,0.13068124974907208,1004,44,10,10,15,19,0,0.6590909090909091,0.4,1.0,0.5588235294117647,0.4411764705882353,0.0,0.5714285714285715,0.7794117647058824,0.5681818181818182
recall_at_least_0.95,0.13068124974907208,1005,24,2,2,16,6,0,0.3333333333333333,0.1111111111111111,1.0,0.2727272727272727,0.7272727272727273,0.0,0.19999999999999998,0.6363636363636364,0.75
recall_at_least_0.95,0.13068124974907208,1006,20,0,0,17,3,0,0.15,0.0,0.0,0.15,0.85,0.0,0.0,0.075,0.85
recall_at_least_0.95,0.13068124974907208,1007,24,2,2,16,6,0,0.3333333333333333,0.1111111111111111,1.0,0.2727272727272727,0.7272727272727273,0.0,0.19999999999999998,0.6363636363636364,0.75
recall_at_least_0.95,0.13068124974907208,1008,44,11,11,15,18,0,0.6590909090909091,0.4230769230769231,1.0,0.5454545454545454,0.45454545454545453,0.0,0.5945945945945945,0.7727272727272727,0.5909090909090909
recall_at_least_0.95,0.13068124974907208,1009,50,11,10,14,25,1,0.7,0.4166666666666667,0.9090909090909091,0.6410256410256411,0.358974358974359,0.09090909090909091,0.5714285714285715,0.7750582750582751,0.48
recall_at_least_0.95,0.13068124974907208,1010,24,2,2,17,5,0,0.2916666666666667,0.10526315789473684,1.0,0.22727272727272727,0.7727272727272727,0.0,0.1904761904761905,0.6136363636363636,0.7916666666666666
recall_at_least_0.95,0.13068124974907208,1011,20,0,0,17,3,0,0.15,0.0,0.0,0.15,0.85,0.0,0.0,0.075,0.85
recall_at_least_0.95,0.13068124974907208,1012,30,5,5,17,8,0,0.43333333333333335,0.22727272727272727,1.0,0.32,0.68,0.0,0.37037037037037035,0.66,0.7333333333333333
recall_at_least_0.95,0.13068124974907208,1013,30,5,5,18,7,0,0.4,0.21739130434782608,1.0,0.28,0.72,0.0,0.3571428571428571,0.64,0.7666666666666667
recall_at_least_0.95,0.13068124974907208,1014,24,2,2,17,5,0,0.2916666666666667,0.10526315789473684,1.0,0.22727272727272727,0.7727272727272727,0.0,0.1904761904761905,0.6136363636363636,0.7916666666666666
recall_at_least_0.95,0.13068124974907208,1015,30,5,5,18,7,0,0.4,0.21739130434782608,1.0,0.28,0.72,0.0,0.3571428571428571,0.64,0.7666666666666667
recall_at_least_0.95,0.13068124974907208,1016,22,1,1,17,4,0,0.22727272727272727,0.05555555555555555,1.0,0.19047619047619047,0.8095238095238095,0.0,0.10526315789473684,0.5952380952380952,0.8181818181818182
recall_at_least_0.95,0.13068124974907208,1017,24,2,2,17,5,0,0.2916666666666667,0.10526315789473684,1.0,0.22727272727272727,0.7727272727272727,0.0,0.1904761904761905,0.6136363636363636,0.7916666666666666
recall_at_least_0.95,0.13068124974907208,1018,20,0,0,16,4,0,0.2,0.0,0.0,0.2,0.8,0.0,0.0,0.1,0.8
recall_at_least_0.95,0.13068124974907208,1019,40,9,9,15,16,0,0.625,0.375,1.0,0.5161290322580645,0.4838709677419355,0.0,0.5454545454545454,0.7580645161290323,0.6
recall_at_least_0.95,0.13068124974907208,1020,20,0,0,16,4,0,0.2,0.0,0.0,0.2,0.8,0.0,0.0,0.1,0.8
recall_at_least_0.95,0.13068124974907208,1021,28,4,4,18,6,0,0.35714285714285715,0.18181818181818182,1.0,0.25,0.75,0.0,0.3076923076923077,0.625,0.7857142857142857
recall_at_least_0.95,0.13068124974907208,1022,44,11,11,12,21,0,0.7272727272727273,0.4782608695652174,1.0,0.6363636363636364,0.36363636363636365,0.0,0.6470588235294118,0.8181818181818181,0.5227272727272727
recall_at_least_0.95,0.13068124974907208,1023,30,4,4,18,8,0,0.4,0.18181818181818182,1.0,0.3076923076923077,0.6923076923076923,0.0,0.3076923076923077,0.6538461538461539,0.7333333333333333
recall_at_least_0.95,0.13068124974907208,1024,20,0,0,17,3,0,0.15,0.0,0.0,0.15,0.85,0.0,0.0,0.075,0.85
recall_at_least_0.95,0.13068124974907208,1025,44,12,11,14,18,1,0.6590909090909091,0.44,0.9166666666666666,0.5625,0.4375,0.08333333333333333,0.5945945945945945,0.7395833333333333,0.5681818181818182
recall_at_least_0.95,0.13068124974907208,1026,34,7,7,14,13,0,0.5882352941176471,0.3333333333333333,1.0,0.48148148148148145,0.5185185185185185,0.0,0.5,0.7407407407407407,0.6176470588235294
recall_at_least_0.95,0.13068124974907208,1027,34,7,7,15,12,0,0.5588235294117647,0.3181818181818182,1.0,0.4444444444444444,0.5555555555555556,0.0,0.4827586206896552,0.7222222222222222,0.6470588235294118
recall_at_least_0.95,0.13068124974907208,1028,32,5,5,18,9,0,0.4375,0.21739130434782608,1.0,0.3333333333333333,0.6666666666666666,0.0,0.3571428571428571,0.6666666666666666,0.71875
recall_at_least_0.95,0.13068124974907208,1029,28,2,2,20,6,0,0.2857142857142857,0.09090909090909091,1.0,0.23076923076923078,0.7692307692307693,0.0,0.16666666666666669,0.6153846153846154,0.7857142857142857
recall_at_least_0.95,0.13068124974907208,1030,26,3,3,15,8,0,0.4230769230769231,0.16666666666666666,1.0,0.34782608695652173,0.6521739130434783,0.0,0.2857142857142857,0.6739130434782609,0.6923076923076923
recall_at_least_0.95,0.13068124974907208,1031,32,6,6,16,10,0,0.5,0.2727272727272727,1.0,0.38461538461538464,0.6153846153846154,0.0,0.42857142857142855,0.6923076923076923,0.6875
recall_at_least_0.95,0.13068124974907208,1032,20,0,0,17,3,0,0.15,0.0,0.0,0.15,0.85,0.0,0.0,0.075,0.85
recall_at_least_0.95,0.13068124974907208,1033,34,7,7,17,10,0,0.5,0.2916666666666667,1.0,0.37037037037037035,0.6296296296296297,0.0,0.45161290322580644,0.6851851851851851,0.7058823529411765
recall_at_least_0.95,0.13068124974907208,1034,24,1,1,18,5,0,0.25,0.05263157894736842,1.0,0.21739130434782608,0.782608695652174,0.0,0.1,0.6086956521739131,0.7916666666666666
recall_at_least_0.95,0.13068124974907208,1035,32,6,6,18,8,0,0.4375,0.25,1.0,0.3076923076923077,0.6923076923076923,0.0,0.4,0.6538461538461539,0.75
recall_at_least_0.95,0.13068124974907208,1036,26,3,3,16,7,0,0.38461538461538464,0.15789473684210525,1.0,0.30434782608695654,0.6956521739130435,0.0,0.2727272727272727,0.6521739130434783,0.7307692307692307
recall_at_least_0.95,0.13068124974907208,1037,34,7,7,16,11,0,0.5294117647058824,0.30434782608695654,1.0,0.4074074074074074,0.5925925925925926,0.0,0.4666666666666667,0.7037037037037037,0.6764705882352942
recall_at_least_0.95,0.13068124974907208,1038,38,9,9,12,17,0,0.6842105263157895,0.42857142857142855,1.0,0.5862068965517241,0.41379310344827586,0.0,0.6,0.7931034482758621,0.5526315789473685
recall_at_least_0.95,0.13068124974907208,1039,60,19,16,5,36,3,0.8666666666666667,0.7619047619047619,0.8421052631578947,0.8780487804878049,0.12195121951219512,0.15789473684210525,0.8,0.8600770218228497,0.35
recall_at_least_0.90,0.28302539506266783,1000,32,6,5,12,14,1,0.59375,0.29411764705882354,0.8333333333333334,0.5384615384615384,0.46153846153846156,0.16666666666666666,0.4347826086956522,0.6858974358974359,0.53125
recall_at_least_0.90,0.28302539506266783,1001,54,11,4,14,29,7,0.6111111111111112,0.2222222222222222,0.36363636363636365,0.6744186046511628,0.32558139534883723,0.6363636363636364,0.27586206896551724,0.5190274841437632,0.3333333333333333
recall_at_least_0.90,0.28302539506266783,1002,28,2,2,16,10,0,0.42857142857142855,0.1111111111111111,1.0,0.38461538461538464,0.6153846153846154,0.0,0.19999999999999998,0.6923076923076923,0.6428571428571429
recall_at_least_0.90,0.28302539506266783,1003,20,0,0,14,6,0,0.3,0.0,0.0,0.3,0.7,0.0,0.0,0.15,0.7
recall_at_least_0.90,0.28302539506266783,1004,44,10,10,10,24,0,0.7727272727272727,0.5,1.0,0.7058823529411765,0.29411764705882354,0.0,0.6666666666666666,0.8529411764705883,0.45454545454545453
recall_at_least_0.90,0.28302539506266783,1005,24,2,2,15,7,0,0.375,0.11764705882352941,1.0,0.3181818181818182,0.6818181818181818,0.0,0.21052631578947367,0.6590909090909091,0.7083333333333334
recall_at_least_0.90,0.28302539506266783,1006,20,0,0,14,6,0,0.3,0.0,0.0,0.3,0.7,0.0,0.0,0.15,0.7
recall_at_least_0.90,0.28302539506266783,1007,24,2,2,15,7,0,0.375,0.11764705882352941,1.0,0.3181818181818182,0.6818181818181818,0.0,0.21052631578947367,0.6590909090909091,0.7083333333333334
recall_at_least_0.90,0.28302539506266783,1008,44,11,10,9,24,1,0.7727272727272727,0.5263157894736842,0.9090909090909091,0.7272727272727273,0.2727272727272727,0.09090909090909091,0.6666666666666666,0.8181818181818181,0.4318181818181818
recall_at_least_0.90,0.28302539506266783,1009,50,11,10,8,31,1,0.82,0.5555555555555556,0.9090909090909091,0.7948717948717948,0.20512820512820512,0.09090909090909091,0.6896551724137931,0.8519813519813519,0.36
recall_at_least_0.90,0.28302539506266783,1010,24,2,2,15,7,0,0.375,0.11764705882352941,1.0,0.3181818181818182,0.6818181818181818,0.0,0.21052631578947367,0.6590909090909091,0.7083333333333334
recall_at_least_0.90,0.28302539506266783,1011,20,0,0,15,5,0,0.25,0.0,0.0,0.25,0.75,0.0,0.0,0.125,0.75
recall_at_least_0.90,0.28302539506266783,1012,30,5,5,14,11,0,0.5333333333333333,0.2631578947368421,1.0,0.44,0.56,0.0,0.4166666666666667,0.72,0.6333333333333333
recall_at_least_0.90,0.28302539506266783,1013,30,5,5,13,12,0,0.5666666666666667,0.2777777777777778,1.0,0.48,0.52,0.0,0.4347826086956522,0.74,0.6
recall_at_least_0.90,0.28302539506266783,1014,24,2,2,12,10,0,0.5,0.14285714285714285,1.0,0.45454545454545453,0.5454545454545454,0.0,0.25,0.7272727272727273,0.5833333333333334
recall_at_least_0.90,0.28302539506266783,1015,30,5,5,13,12,0,0.5666666666666667,0.2777777777777778,1.0,0.48,0.52,0.0,0.4347826086956522,0.74,0.6
recall_at_least_0.90,0.28302539506266783,1016,22,1,1,13,8,0,0.4090909090909091,0.07142857142857142,1.0,0.38095238095238093,0.6190476190476191,0.0,0.13333333333333333,0.6904761904761905,0.6363636363636364
recall_at_least_0.90,0.28302539506266783,1017,24,2,2,11,11,0,0.5416666666666666,0.15384615384615385,1.0,0.5,0.5,0.0,0.2666666666666667,0.75,0.5416666666666666
recall_at_least_0.90,0.28302539506266783,1018,20,0,0,14,6,0,0.3,0.0,0.0,0.3,0.7,0.0,0.0,0.15,0.7
recall_at_least_0.90,0.28302539506266783,1019,40,9,8,14,17,1,0.625,0.36363636363636365,0.8888888888888888,0.5483870967741935,0.45161290322580644,0.1111111111111111,0.5161290322580644,0.7186379928315412,0.55
recall_at_least_0.90,0.28302539506266783,1020,20,0,0,16,4,0,0.2,0.0,0.0,0.2,0.8,0.0,0.0,0.1,0.8
recall_at_least_0.90,0.28302539506266783,1021,28,4,4,12,12,0,0.5714285714285714,0.25,1.0,0.5,0.5,0.0,0.4,0.75,0.5714285714285714
recall_at_least_0.90,0.28302539506266783,1022,44,11,10,10,23,1,0.75,0.5,0.9090909090909091,0.696969696969697,0.30303030303030304,0.09090909090909091,0.6451612903225806,0.803030303030303,0.45454545454545453
recall_at_least_0.90,0.28302539506266783,1023,30,4,4,13,13,0,0.5666666666666667,0.23529411764705882,1.0,0.5,0.5,0.0,0.38095238095238093,0.75,0.5666666666666667
recall_at_least_0.90,0.28302539506266783,1024,20,0,0,14,6,0,0.3,0.0,0.0,0.3,0.7,0.0,0.0,0.15,0.7
recall_at_least_0.90,0.28302539506266783,1025,44,12,11,8,24,1,0.7954545454545454,0.5789473684210527,0.9166666666666666,0.75,0.25,0.08333333333333333,0.7096774193548387,0.8333333333333333,0.4318181818181818
recall_at_least_0.90,0.28302539506266783,1026,34,7,7,10,17,0,0.7058823529411765,0.4117647058823529,1.0,0.6296296296296297,0.37037037037037035,0.0,0.5833333333333334,0.8148148148148149,0.5
recall_at_least_0.90,0.28302539506266783,1027,34,7,7,9,18,0,0.7352941176470589,0.4375,1.0,0.6666666666666666,0.3333333333333333,0.0,0.6086956521739131,0.8333333333333333,0.47058823529411764
recall_at_least_0.90,0.28302539506266783,1028,32,5,5,9,18,0,0.71875,0.35714285714285715,1.0,0.6666666666666666,0.3333333333333333,0.0,0.5263157894736842,0.8333333333333333,0.4375
recall_at_least_0.90,0.28302539506266783,1029,28,2,1,14,12,1,0.4642857142857143,0.06666666666666667,0.5,0.46153846153846156,0.5384615384615384,0.5,0.11764705882352941,0.4807692307692308,0.5357142857142857
recall_at_least_0.90,0.28302539506266783,1030,26,3,3,15,8,0,0.4230769230769231,0.16666666666666666,1.0,0.34782608695652173,0.6521739130434783,0.0,0.2857142857142857,0.6739130434782609,0.6923076923076923
recall_at_least_0.90,0.28302539506266783,1031,32,6,6,12,14,0,0.625,0.3333333333333333,1.0,0.5384615384615384,0.46153846153846156,0.0,0.5,0.7692307692307692,0.5625
recall_at_least_0.90,0.28302539506266783,1032,20,0,0,15,5,0,0.25,0.0,0.0,0.25,0.75,0.0,0.0,0.125,0.75
recall_at_least_0.90,0.28302539506266783,1033,34,7,7,13,14,0,0.6176470588235294,0.35,1.0,0.5185185185185185,0.48148148148148145,0.0,0.5185185185185185,0.7592592592592593,0.5882352941176471
recall_at_least_0.90,0.28302539506266783,1034,24,1,1,16,7,0,0.3333333333333333,0.058823529411764705,1.0,0.30434782608695654,0.6956521739130435,0.0,0.1111111111111111,0.6521739130434783,0.7083333333333334
recall_at_least_0.90,0.28302539506266783,1035,32,6,6,12,14,0,0.625,0.3333333333333333,1.0,0.5384615384615384,0.46153846153846156,0.0,0.5,0.7692307692307692,0.5625
recall_at_least_0.90,0.28302539506266783,1036,26,3,3,13,10,0,0.5,0.1875,1.0,0.43478260869565216,0.5652173913043478,0.0,0.3157894736842105,0.717391304347826,0.6153846153846154
recall_at_least_0.90,0.28302539506266783,1037,34,7,7,9,18,0,0.7352941176470589,0.4375,1.0,0.6666666666666666,0.3333333333333333,0.0,0.6086956521739131,0.8333333333333333,0.47058823529411764
recall_at_least_0.90,0.28302539506266783,1038,38,9,9,9,20,0,0.7631578947368421,0.5,1.0,0.6896551724137931,0.3103448275862069,0.0,0.6666666666666666,0.8448275862068966,0.47368421052631576
recall_at_least_0.90,0.28302539506266783,1039,60,19,14,2,39,5,0.8833333333333333,0.875,0.7368421052631579,0.9512195121951219,0.04878048780487805,0.2631578947368421,0.7999999999999999,0.8440308087291399,0.26666666666666666
recall_at_least_0.85,0.36930832439860894,1000,32,6,5,10,16,1,0.65625,0.3333333333333333,0.8333333333333334,0.6153846153846154,0.38461538461538464,0.16666666666666666,0.47619047619047616,0.7243589743589745,0.46875
recall_at_least_0.85,0.36930832439860894,1001,54,11,3,9,34,8,0.6851851851851852,0.25,0.2727272727272727,0.7906976744186046,0.20930232558139536,0.7272727272727273,0.2608695652173913,0.5317124735729386,0.2222222222222222
recall_at_least_0.85,0.36930832439860894,1002,28,2,2,16,10,0,0.42857142857142855,0.1111111111111111,1.0,0.38461538461538464,0.6153846153846154,0.0,0.19999999999999998,0.6923076923076923,0.6428571428571429
recall_at_least_0.85,0.36930832439860894,1003,20,0,0,14,6,0,0.3,0.0,0.0,0.3,0.7,0.0,0.0,0.15,0.7
recall_at_least_0.85,0.36930832439860894,1004,44,10,10,9,25,0,0.7954545454545454,0.5263157894736842,1.0,0.7352941176470589,0.2647058823529412,0.0,0.6896551724137931,0.8676470588235294,0.4318181818181818
recall_at_least_0.85,0.36930832439860894,1005,24,2,2,13,9,0,0.4583333333333333,0.13333333333333333,1.0,0.4090909090909091,0.5909090909090909,0.0,0.23529411764705882,0.7045454545454546,0.625
recall_at_least_0.85,0.36930832439860894,1006,20,0,0,14,6,0,0.3,0.0,0.0,0.3,0.7,0.0,0.0,0.15,0.7
recall_at_least_0.85,0.36930832439860894,1007,24,2,2,12,10,0,0.5,0.14285714285714285,1.0,0.45454545454545453,0.5454545454545454,0.0,0.25,0.7272727272727273,0.5833333333333334
recall_at_least_0.85,0.36930832439860894,1008,44,11,9,7,26,2,0.7954545454545454,0.5625,0.8181818181818182,0.7878787878787878,0.21212121212121213,0.18181818181818182,0.6666666666666666,0.803030303030303,0.36363636363636365
recall_at_least_0.85,0.36930832439860894,1009,50,11,8,6,33,3,0.82,0.5714285714285714,0.7272727272727273,0.8461538461538461,0.15384615384615385,0.2727272727272727,0.64,0.7867132867132867,0.28
recall_at_least_0.85,0.36930832439860894,1010,24,2,2,14,8,0,0.4166666666666667,0.125,1.0,0.36363636363636365,0.6363636363636364,0.0,0.2222222222222222,0.6818181818181819,0.6666666666666666
recall_at_least_0.85,0.36930832439860894,1011,20,0,0,14,6,0,0.3,0.0,0.0,0.3,0.7,0.0,0.0,0.15,0.7
recall_at_least_0.85,0.36930832439860894,1012,30,5,5,11,14,0,0.6333333333333333,0.3125,1.0,0.56,0.44,0.0,0.47619047619047616,0.78,0.5333333333333333
recall_at_least_0.85,0.36930832439860894,1013,30,5,4,10,15,1,0.6333333333333333,0.2857142857142857,0.8,0.6,0.4,0.2,0.4210526315789473,0.7,0.4666666666666667
recall_at_least_0.85,0.36930832439860894,1014,24,2,2,11,11,0,0.5416666666666666,0.15384615384615385,1.0,0.5,0.5,0.0,0.2666666666666667,0.75,0.5416666666666666
recall_at_least_0.85,0.36930832439860894,1015,30,5,5,8,17,0,0.7333333333333333,0.38461538461538464,1.0,0.68,0.32,0.0,0.5555555555555556,0.8400000000000001,0.43333333333333335
recall_at_least_0.85,0.36930832439860894,1016,22,1,1,12,9,0,0.45454545454545453,0.07692307692307693,1.0,0.42857142857142855,0.5714285714285714,0.0,0.14285714285714288,0.7142857142857143,0.5909090909090909
recall_at_least_0.85,0.36930832439860894,1017,24,2,2,10,12,0,0.5833333333333334,0.16666666666666666,1.0,0.5454545454545454,0.45454545454545453,0.0,0.2857142857142857,0.7727272727272727,0.5
recall_at_least_0.85,0.36930832439860894,1018,20,0,0,13,7,0,0.35,0.0,0.0,0.35,0.65,0.0,0.0,0.175,0.65
recall_at_least_0.85,0.36930832439860894,1019,40,9,8,9,22,1,0.75,0.47058823529411764,0.8888888888888888,0.7096774193548387,0.2903225806451613,0.1111111111111111,0.6153846153846153,0.7992831541218638,0.425
recall_at_least_0.85,0.36930832439860894,1020,20,0,0,15,5,0,0.25,0.0,0.0,0.25,0.75,0.0,0.0,0.125,0.75
recall_at_least_0.85,0.36930832439860894,1021,28,4,4,11,13,0,0.6071428571428571,0.26666666666666666,1.0,0.5416666666666666,0.4583333333333333,0.0,0.4210526315789474,0.7708333333333333,0.5357142857142857
recall_at_least_0.85,0.36930832439860894,1022,44,11,10,5,28,1,0.8636363636363636,0.6666666666666666,0.9090909090909091,0.8484848484848485,0.15151515151515152,0.09090909090909091,0.7692307692307692,0.8787878787878788,0.3409090909090909
recall_at_least_0.85,0.36930832439860894,1023,30,4,4,12,14,0,0.6,0.25,1.0,0.5384615384615384,0.46153846153846156,0.0,0.4,0.7692307692307692,0.5333333333333333
recall_at_least_0.85,0.36930832439860894,1024,20,0,0,13,7,0,0.35,0.0,0.0,0.35,0.65,0.0,0.0,0.175,0.65
recall_at_least_0.85,0.36930832439860894,1025,44,12,11,5,27,1,0.8636363636363636,0.6875,0.9166666666666666,0.84375,0.15625,0.08333333333333333,0.7857142857142857,0.8802083333333333,0.36363636363636365
recall_at_least_0.85,0.36930832439860894,1026,34,7,7,8,19,0,0.7647058823529411,0.4666666666666667,1.0,0.7037037037037037,0.2962962962962963,0.0,0.6363636363636364,0.8518518518518519,0.4411764705882353
recall_at_least_0.85,0.36930832439860894,1027,34,7,7,8,19,0,0.7647058823529411,0.4666666666666667,1.0,0.7037037037037037,0.2962962962962963,0.0,0.6363636363636364,0.8518518518518519,0.4411764705882353
recall_at_least_0.85,0.36930832439860894,1028,32,5,5,7,20,0,0.78125,0.4166666666666667,1.0,0.7407407407407407,0.25925925925925924,0.0,0.5882352941176471,0.8703703703703703,0.375
recall_at_least_0.85,0.36930832439860894,1029,28,2,1,10,16,1,0.6071428571428571,0.09090909090909091,0.5,0.6153846153846154,0.38461538461538464,0.5,0.15384615384615385,0.5576923076923077,0.39285714285714285
recall_at_least_0.85,0.36930832439860894,1030,26,3,3,13,10,0,0.5,0.1875,1.0,0.43478260869565216,0.5652173913043478,0.0,0.3157894736842105,0.717391304347826,0.6153846153846154
recall_at_least_0.85,0.36930832439860894,1031,32,6,6,11,15,0,0.65625,0.35294117647058826,1.0,0.5769230769230769,0.4230769230769231,0.0,0.5217391304347826,0.7884615384615384,0.53125
recall_at_least_0.85,0.36930832439860894,1032,20,0,0,15,5,0,0.25,0.0,0.0,0.25,0.75,0.0,0.0,0.125,0.75
recall_at_least_0.85,0.36930832439860894,1033,34,7,5,6,21,2,0.7647058823529411,0.45454545454545453,0.7142857142857143,0.7777777777777778,0.2222222222222222,0.2857142857142857,0.5555555555555556,0.746031746031746,0.3235294117647059
recall_at_least_0.85,0.36930832439860894,1034,24,1,1,14,9,0,0.4166666666666667,0.06666666666666667,1.0,0.391304347826087,0.6086956521739131,0.0,0.125,0.6956521739130435,0.625
recall_at_least_0.85,0.36930832439860894,1035,32,6,6,10,16,0,0.6875,0.375,1.0,0.6153846153846154,0.38461538461538464,0.0,0.5454545454545454,0.8076923076923077,0.5
recall_at_least_0.85,0.36930832439860894,1036,26,3,3,12,11,0,0.5384615384615384,0.2,1.0,0.4782608695652174,0.5217391304347826,0.0,0.33333333333333337,0.7391304347826086,0.5769230769230769
recall_at_least_0.85,0.36930832439860894,1037,34,7,7,6,21,0,0.8235294117647058,0.5384615384615384,1.0,0.7777777777777778,0.2222222222222222,0.0,0.7000000000000001,0.8888888888888888,0.38235294117647056
recall_at_least_0.85,0.36930832439860894,1038,38,9,9,5,24,0,0.868421052631579,0.6428571428571429,1.0,0.8275862068965517,0.1724137931034483,0.0,0.782608695652174,0.9137931034482758,0.3684210526315789
recall_at_least_0.85,0.36930832439860894,1039,60,19,12,1,40,7,0.8666666666666667,0.9230769230769231,0.631578947368421,0.975609756097561,0.024390243902439025,0.3684210526315789,0.7499999999999999,0.803594351732991,0.21666666666666667
recall_at_least_0.80,0.41401155981322524,1000,32,6,5,7,19,1,0.75,0.4166666666666667,0.8333333333333334,0.7307692307692307,0.2692307692307692,0.16666666666666666,0.5555555555555556,0.782051282051282,0.375
recall_at_least_0.80,0.41401155981322524,1001,54,11,3,8,35,8,0.7037037037037037,0.2727272727272727,0.2727272727272727,0.813953488372093,0.18604651162790697,0.7272727272727273,0.2727272727272727,0.5433403805496828,0.2037037037037037
recall_at_least_0.80,0.41401155981322524,1002,28,2,2,14,12,0,0.5,0.125,1.0,0.46153846153846156,0.5384615384615384,0.0,0.2222222222222222,0.7307692307692308,0.5714285714285714
recall_at_least_0.80,0.41401155981322524,1003,20,0,0,12,8,0,0.4,0.0,0.0,0.4,0.6,0.0,0.0,0.2,0.6
recall_at_least_0.80,0.41401155981322524,1004,44,10,10,9,25,0,0.7954545454545454,0.5263157894736842,1.0,0.7352941176470589,0.2647058823529412,0.0,0.6896551724137931,0.8676470588235294,0.4318181818181818
recall_at_least_0.80,0.41401155981322524,1005,24,2,2,10,12,0,0.5833333333333334,0.16666666666666666,1.0,0.5454545454545454,0.45454545454545453,0.0,0.2857142857142857,0.7727272727272727,0.5
recall_at_least_0.80,0.41401155981322524,1006,20,0,0,12,8,0,0.4,0.0,0.0,0.4,0.6,0.0,0.0,0.2,0.6
recall_at_least_0.80,0.41401155981322524,1007,24,2,2,11,11,0,0.5416666666666666,0.15384615384615385,1.0,0.5,0.5,0.0,0.2666666666666667,0.75,0.5416666666666666
recall_at_least_0.80,0.41401155981322524,1008,44,11,9,6,27,2,0.8181818181818182,0.6,0.8181818181818182,0.8181818181818182,0.18181818181818182,0.18181818181818182,0.6923076923076923,0.8181818181818182,0.3409090909090909
recall_at_least_0.80,0.41401155981322524,1009,50,11,8,5,34,3,0.84,0.6153846153846154,0.7272727272727273,0.8717948717948718,0.1282051282051282,0.2727272727272727,0.6666666666666667,0.7995337995337995,0.26
recall_at_least_0.80,0.41401155981322524,1010,24,2,2,12,10,0,0.5,0.14285714285714285,1.0,0.45454545454545453,0.5454545454545454,0.0,0.25,0.7272727272727273,0.5833333333333334
recall_at_least_0.80,0.41401155981322524,1011,20,0,0,12,8,0,0.4,0.0,0.0,0.4,0.6,0.0,0.0,0.2,0.6
recall_at_least_0.80,0.41401155981322524,1012,30,5,5,11,14,0,0.6333333333333333,0.3125,1.0,0.56,0.44,0.0,0.47619047619047616,0.78,0.5333333333333333
recall_at_least_0.80,0.41401155981322524,1013,30,5,4,7,18,1,0.7333333333333333,0.36363636363636365,0.8,0.72,0.28,0.2,0.5000000000000001,0.76,0.36666666666666664
recall_at_least_0.80,0.41401155981322524,1014,24,2,1,10,12,1,0.5416666666666666,0.09090909090909091,0.5,0.5454545454545454,0.45454545454545453,0.5,0.15384615384615385,0.5227272727272727,0.4583333333333333
recall_at_least_0.80,0.41401155981322524,1015,30,5,5,7,18,0,0.7666666666666667,0.4166666666666667,1.0,0.72,0.28,0.0,0.5882352941176471,0.86,0.4
recall_at_least_0.80,0.41401155981322524,1016,22,1,1,10,11,0,0.5454545454545454,0.09090909090909091,1.0,0.5238095238095238,0.47619047619047616,0.0,0.16666666666666669,0.7619047619047619,0.5
recall_at_least_0.80,0.41401155981322524,1017,24,2,1,6,16,1,0.7083333333333334,0.14285714285714285,0.5,0.7272727272727273,0.2727272727272727,0.5,0.22222222222222224,0.6136363636363636,0.2916666666666667
recall_at_least_0.80,0.41401155981322524,1018,20,0,0,13,7,0,0.35,0.0,0.0,0.35,0.65,0.0,0.0,0.175,0.65
recall_at_least_0.80,0.41401155981322524,1019,40,9,6,6,25,3,0.775,0.5,0.6666666666666666,0.8064516129032258,0.1935483870967742,0.3333333333333333,0.5714285714285715,0.7365591397849462,0.3
recall_at_least_0.80,0.41401155981322524,1020,20,0,0,13,7,0,0.35,0.0,0.0,0.35,0.65,0.0,0.0,0.175,0.65
recall_at_least_0.80,0.41401155981322524,1021,28,4,4,8,16,0,0.7142857142857143,0.3333333333333333,1.0,0.6666666666666666,0.3333333333333333,0.0,0.5,0.8333333333333333,0.42857142857142855
recall_at_least_0.80,0.41401155981322524,1022,44,11,9,4,29,2,0.8636363636363636,0.6923076923076923,0.8181818181818182,0.8787878787878788,0.12121212121212122,0.18181818181818182,0.7500000000000001,0.8484848484848485,0.29545454545454547
recall_at_least_0.80,0.41401155981322524,1023,30,4,4,9,17,0,0.7,0.3076923076923077,1.0,0.6538461538461539,0.34615384615384615,0.0,0.47058823529411764,0.8269230769230769,0.43333333333333335
recall_at_least_0.80,0.41401155981322524,1024,20,0,0,11,9,0,0.45,0.0,0.0,0.45,0.55,0.0,0.0,0.225,0.55
recall_at_least_0.80,0.41401155981322524,1025,44,12,11,2,30,1,0.9318181818181818,0.8461538461538461,0.9166666666666666,0.9375,0.0625,0.08333333333333333,0.8799999999999999,0.9270833333333333,0.29545454545454547
recall_at_least_0.80,0.41401155981322524,1026,34,7,7,4,23,0,0.8823529411764706,0.6363636363636364,1.0,0.8518518518518519,0.14814814814814814,0.0,0.7777777777777778,0.9259259259259259,0.3235294117647059
recall_at_least_0.80,0.41401155981322524,1027,34,7,7,8,19,0,0.7647058823529411,0.4666666666666667,1.0,0.7037037037037037,0.2962962962962963,0.0,0.6363636363636364,0.8518518518518519,0.4411764705882353
recall_at_least_0.80,0.41401155981322524,1028,32,5,4,6,21,1,0.78125,0.4,0.8,0.7777777777777778,0.2222222222222222,0.2,0.5333333333333333,0.788888888888889,0.3125
recall_at_least_0.80,0.41401155981322524,1029,28,2,1,10,16,1,0.6071428571428571,0.09090909090909091,0.5,0.6153846153846154,0.38461538461538464,0.5,0.15384615384615385,0.5576923076923077,0.39285714285714285
recall_at_least_0.80,0.41401155981322524,1030,26,3,3,9,14,0,0.6538461538461539,0.25,1.0,0.6086956521739131,0.391304347826087,0.0,0.4,0.8043478260869565,0.46153846153846156
recall_at_least_0.80,0.41401155981322524,1031,32,6,6,9,17,0,0.71875,0.4,1.0,0.6538461538461539,0.34615384615384615,0.0,0.5714285714285715,0.8269230769230769,0.46875
recall_at_least_0.80,0.41401155981322524,1032,20,0,0,11,9,0,0.45,0.0,0.0,0.45,0.55,0.0,0.0,0.225,0.55
recall_at_least_0.80,0.41401155981322524,1033,34,7,5,5,22,2,0.7941176470588235,0.5,0.7142857142857143,0.8148148148148148,0.18518518518518517,0.2857142857142857,0.588235294117647,0.7645502645502645,0.29411764705882354
recall_at_least_0.80,0.41401155981322524,1034,24,1,1,11,12,0,0.5416666666666666,0.08333333333333333,1.0,0.5217391304347826,0.4782608695652174,0.0,0.15384615384615385,0.7608695652173914,0.5
recall_at_least_0.80,0.41401155981322524,1035,32,6,5,9,17,1,0.6875,0.35714285714285715,0.8333333333333334,0.6538461538461539,0.34615384615384615,0.16666666666666666,0.5,0.7435897435897436,0.4375
recall_at_least_0.80,0.41401155981322524,1036,26,3,3,8,15,0,0.6923076923076923,0.2727272727272727,1.0,0.6521739130434783,0.34782608695652173,0.0,0.42857142857142855,0.8260869565217391,0.4230769230769231
recall_at_least_0.80,0.41401155981322524,1037,34,7,7,5,22,0,0.8529411764705882,0.5833333333333334,1.0,0.8148148148148148,0.18518518518518517,0.0,0.7368421052631579,0.9074074074074074,0.35294117647058826
recall_at_least_0.80,0.41401155981322524,1038,38,9,8,3,26,1,0.8947368421052632,0.7272727272727273,0.8888888888888888,0.896551724137931,0.10344827586206896,0.1111111111111111,0.7999999999999999,0.89272030651341,0.2894736842105263
recall_at_least_0.80,0.41401155981322524,1039,60,19,10,1,40,9,0.8333333333333334,0.9090909090909091,0.5263157894736842,0.975609756097561,0.024390243902439025,0.47368421052631576,0.6666666666666666,0.7509627727856225,0.18333333333333332
