bin,count,score_min,score_max,score_mean,observed_inadequate_rate
1,125,0.00011064924600963053,0.013446984747513505,0.006230359907326844,0.0
2,125,0.013657866269811036,0.047453818336037804,0.027836409328636867,0.024
3,125,0.04752479699586783,0.10720242931411957,0.07316217559222223,0.04
4,125,0.10849105754027344,0.221167893555793,0.163969273545496,0.056
5,124,0.22142335849800332,0.32261076723212273,0.2708818347259927,0.07258064516129033
6,124,0.32483475648140125,0.41214018374389483,0.3736334849468646,0.11290322580645161
7,124,0.413177319168414,0.4920131285504119,0.45303387394555095,0.14516129032258066
8,124,0.4924158904538502,0.5897937626361304,0.5334455255976991,0.25
9,124,0.5949141440066734,0.736863732631786,0.6724436595564788,0.3790322580645161
10,124,0.7379170311718437,0.9848941420455188,0.85577530110235,0.5241935483870968
