name,target_recall,threshold,tp,fp,tn,fn,accuracy,precision,recall,specificity,fpr,fnr,f1,balanced_accuracy,predicted_positive_rate
recall_at_least_0.99,0.99,0.04036680394697377,199,816,229,0,0.3440514469453376,0.1960591133004926,1.0,0.21913875598086124,0.7808612440191387,0.0,0.32784184514003295,0.6095693779904306,0.8159163987138264
recall_at_least_0.95,0.95,0.13068124974907208,190,652,393,9,0.46864951768488744,0.22565320665083136,0.9547738693467337,0.37607655502392345,0.6239234449760765,0.04522613065326633,0.3650336215177714,0.6654252121853286,0.6768488745980707
recall_at_least_0.90,0.9,0.28302539506266783,180,492,553,19,0.5892282958199357,0.26785714285714285,0.9045226130653267,0.5291866028708134,0.47081339712918663,0.09547738693467336,0.4133180252583238,0.71685460796807,0.5401929260450161
recall_at_least_0.85,0.85,0.36930832439860894,171,409,636,28,0.6487138263665595,0.29482758620689653,0.8592964824120602,0.6086124401913876,0.39138755980861245,0.1407035175879397,0.4390243902439025,0.7339544613017239,0.4662379421221865
recall_at_least_0.80,0.8,0.41401155981322524,161,334,711,38,0.7009646302250804,0.32525252525252524,0.8090452261306532,0.6803827751196172,0.3196172248803828,0.19095477386934673,0.46397694524495675,0.7447140006251352,0.3979099678456592
recall_at_least_0.75,0.75,0.4565776380918417,151,277,768,48,0.7387459807073955,0.352803738317757,0.7587939698492462,0.7349282296650718,0.26507177033492824,0.24120603015075376,0.481658692185008,0.746861099757159,0.3440514469453376
best_f1,,0.5391123359578109,129,176,869,70,0.8022508038585209,0.42295081967213116,0.6482412060301508,0.8315789473684211,0.16842105263157894,0.35175879396984927,0.5119047619047619,0.7399100766992859,0.24517684887459806
best_balanced_accuracy,,0.48449007695474755,145,234,811,54,0.7684887459807074,0.38258575197889183,0.7286432160804021,0.7760765550239235,0.22392344497607655,0.271356783919598,0.5017301038062284,0.7523598855521627,0.3046623794212219
saved_model_threshold,,0.28302539506266783,180,492,553,19,0.5892282958199357,0.26785714285714285,0.9045226130653267,0.5291866028708134,0.47081339712918663,0.09547738693467336,0.4133180252583238,0.71685460796807,0.5401929260450161
