true_x,true_y,belief_x,belief_y,dx,dy,error_manhattan,oracle_action,agent_action,belief_plannable,decision_diverged
1,1,-1,1,-2,0,2,DOWN,NONE,False,True
1,1,0,0,-1,-1,2,DOWN,NONE,False,True
1,1,0,2,-1,1,2,DOWN,NONE,False,True
1,1,1,-1,0,-2,2,DOWN,NONE,False,True
1,1,1,3,0,2,2,DOWN,DOWN,True,False
1,1,2,0,1,-1,2,DOWN,NONE,False,True
1,1,2,2,1,1,2,DOWN,DOWN,True,False
1,1,3,1,2,0,2,DOWN,RIGHT,True,True
2,1,0,1,-2,0,2,DOWN,NONE,False,True
2,1,1,0,-1,-1,2,DOWN,NONE,False,True
2,1,1,2,-1,1,2,DOWN,DOWN,True,False
2,1,2,-1,0,-2,2,DOWN,NONE,False,True
2,1,2,3,0,2,2,DOWN,DOWN,True,False
2,1,3,0,1,-1,2,DOWN,NONE,False,True
2,1,3,2,1,1,2,DOWN,NONE,False,True
2,1,4,1,2,0,2,DOWN,RIGHT,True,True
3,1,1,1,-2,0,2,RIGHT,DOWN,True,True
3,1,2,0,-1,-1,2,RIGHT,NONE,False,True
3,1,2,2,-1,1,2,RIGHT,DOWN,True,True
3,1,3,-1,0,-2,2,RIGHT,NONE,False,True
3,1,3,3,0,2,2,RIGHT,DOWN,True,True
3,1,4,0,1,-1,2,RIGHT,NONE,False,True
3,1,4,2,1,1,2,RIGHT,NONE,False,True
3,1,5,1,2,0,2,RIGHT,RIGHT,True,False
4,1,2,1,-2,0,2,RIGHT,DOWN,True,True
4,1,3,0,-1,-1,2,RIGHT,NONE,False,True
4,1,3,2,-1,1,2,RIGHT,NONE,False,True
4,1,4,-1,0,-2,2,RIGHT,NONE,False,True
4,1,4,3,0,2,2,RIGHT,DOWN,True,True
4,1,5,0,1,-1,2,RIGHT,NONE,False,True
4,1,5,2,1,1,2,RIGHT,NONE,False,True
4,1,6,1,2,0,2,RIGHT,DOWN,True,True
5,1,3,1,-2,0,2,RIGHT,RIGHT,True,False
5,1,4,0,-1,-1,2,RIGHT,NONE,False,True
5,1,4,2,-1,1,2,RIGHT,NONE,False,True
5,1,5,-1,0,-2,2,RIGHT,NONE,False,True
5,1,5,3,0,2,2,RIGHT,RIGHT,True,False
5,1,6,0,1,-1,2,RIGHT,NONE,False,True
5,1,6,2,1,1,2,RIGHT,DOWN,True,True
5,1,7,1,2,0,2,RIGHT,DOWN,True,True
6,1,4,1,-2,0,2,DOWN,RIGHT,True,True
6,1,5,0,-1,-1,2,DOWN,NONE,False,True
6,1,5,2,-1,1,2,DOWN,NONE,False,True
6,1,6,-1,0,-2,2,DOWN,NONE,False,True
6,1,6,3,0,2,2,DOWN,RIGHT,True,True
6,1,7,0,1,-1,2,DOWN,NONE,False,True
6,1,7,2,1,1,2,DOWN,DOWN,True,False
6,1,8,1,2,0,2,DOWN,DOWN,True,False
7,1,5,1,-2,0,2,DOWN,RIGHT,True,True
7,1,6,0,-1,-1,2,DOWN,NONE,False,True
7,1,6,2,-1,1,2,DOWN,DOWN,True,False
7,1,7,-1,0,-2,2,DOWN,NONE,False,True
7,1,7,3,0,2,2,DOWN,RIGHT,True,True
7,1,8,0,1,-1,2,DOWN,NONE,False,True
7,1,8,2,1,1,2,DOWN,DOWN,True,False
7,1,9,1,2,0,2,DOWN,NONE,False,True
8,1,6,1,-2,0,2,DOWN,DOWN,True,False
8,1,7,0,-1,-1,2,DOWN,NONE,False,True
8,1,7,2,-1,1,2,DOWN,DOWN,True,False
8,1,8,-1,0,-2,2,DOWN,NONE,False,True
8,1,8,3,0,2,2,DOWN,DOWN,True,False
8,1,9,0,1,-1,2,DOWN,NONE,False,True
8,1,9,2,1,1,2,DOWN,NONE,False,True
8,1,10,1,2,0,2,DOWN,NONE,False,True
1,2,-1,2,-2,0,2,DOWN,NONE,False,True
1,2,0,1,-1,-1,2,DOWN,NONE,False,True
1,2,0,3,-1,1,2,DOWN,NONE,False,True
1,2,1,0,0,-2,2,DOWN,NONE,False,True
1,2,1,4,0,2,2,DOWN,DOWN,True,False
1,2,2,1,1,-1,2,DOWN,DOWN,True,False
1,2,2,3,1,1,2,DOWN,DOWN,True,False
1,2,3,2,2,0,2,DOWN,NONE,False,True
2,2,0,2,-2,0,2,DOWN,NONE,False,True
2,2,1,1,-1,-1,2,DOWN,DOWN,True,False
2,2,1,3,-1,1,2,DOWN,DOWN,True,False
2,2,2,0,0,-2,2,DOWN,NONE,False,True
2,2,2,4,0,2,2,DOWN,DOWN,True,False
2,2,3,1,1,-1,2,DOWN,RIGHT,True,True
2,2,3,3,1,1,2,DOWN,DOWN,True,False
2,2,4,2,2,0,2,DOWN,NONE,False,True
6,2,4,2,-2,0,2,DOWN,NONE,False,True
6,2,5,1,-1,-1,2,DOWN,RIGHT,True,True
6,2,5,3,-1,1,2,DOWN,RIGHT,True,True
6,2,6,0,0,-2,2,DOWN,NONE,False,True
6,2,6,4,0,2,2,DOWN,NONE,False,True
6,2,7,1,1,-1,2,DOWN,DOWN,True,False
6,2,7,3,1,1,2,DOWN,RIGHT,True,True
6,2,8,2,2,0,2,DOWN,DOWN,True,False
7,2,5,2,-2,0,2,DOWN,NONE,False,True
7,2,6,1,-1,-1,2,DOWN,DOWN,True,False
7,2,6,3,-1,1,2,DOWN,RIGHT,True,True
7,2,7,0,0,-2,2,DOWN,NONE,False,True
7,2,7,4,0,2,2,DOWN,NONE,False,True
7,2,8,1,1,-1,2,DOWN,DOWN,True,False
7,2,8,3,1,1,2,DOWN,DOWN,True,False
7,2,9,2,2,0,2,DOWN,NONE,False,True
8,2,6,2,-2,0,2,DOWN,DOWN,True,False
8,2,7,1,-1,-1,2,DOWN,DOWN,True,False
8,2,7,3,-1,1,2,DOWN,RIGHT,True,True
8,2,8,0,0,-2,2,DOWN,NONE,False,True
8,2,8,4,0,2,2,DOWN,DOWN,True,False
8,2,9,1,1,-1,2,DOWN,NONE,False,True
8,2,9,3,1,1,2,DOWN,NONE,False,True
8,2,10,2,2,0,2,DOWN,NONE,False,True
1,3,-1,3,-2,0,2,DOWN,NONE,False,True
1,3,0,2,-1,-1,2,DOWN,NONE,False,True
1,3,0,4,-1,1,2,DOWN,NONE,False,True
1,3,1,1,0,-2,2,DOWN,DOWN,True,False
1,3,1,5,0,2,2,DOWN,RIGHT,True,True
1,3,2,2,1,-1,2,DOWN,DOWN,True,False
1,3,2,4,1,1,2,DOWN,DOWN,True,False
1,3,3,3,2,0,2,DOWN,DOWN,True,False
2,3,0,3,-2,0,2,DOWN,NONE,False,True
2,3,1,2,-1,-1,2,DOWN,DOWN,True,False
2,3,1,4,-1,1,2,DOWN,DOWN,True,False
2,3,2,1,0,-2,2,DOWN,DOWN,True,False
2,3,2,5,0,2,2,DOWN,RIGHT,True,True
2,3,3,2,1,-1,2,DOWN,NONE,False,True
2,3,3,4,1,1,2,DOWN,DOWN,True,False
2,3,4,3,2,0,2,DOWN,DOWN,True,False
3,3,1,3,-2,0,2,DOWN,DOWN,True,False
3,3,2,2,-1,-1,2,DOWN,DOWN,True,False
3,3,2,4,-1,1,2,DOWN,DOWN,True,False
3,3,3,1,0,-2,2,DOWN,RIGHT,True,True
3,3,3,5,0,2,2,DOWN,RIGHT,True,True
3,3,4,2,1,-1,2,DOWN,NONE,False,True
3,3,4,4,1,1,2,DOWN,DOWN,True,False
3,3,5,3,2,0,2,DOWN,RIGHT,True,True
4,3,2,3,-2,0,2,DOWN,DOWN,True,False
4,3,3,2,-1,-1,2,DOWN,NONE,False,True
4,3,3,4,-1,1,2,DOWN,DOWN,True,False
4,3,4,1,0,-2,2,DOWN,RIGHT,True,True
4,3,4,5,0,2,2,DOWN,RIGHT,True,True
4,3,5,2,1,-1,2,DOWN,NONE,False,True
4,3,5,4,1,1,2,DOWN,NONE,False,True
4,3,6,3,2,0,2,DOWN,RIGHT,True,True
5,3,3,3,-2,0,2,RIGHT,DOWN,True,True
5,3,4,2,-1,-1,2,RIGHT,NONE,False,True
5,3,4,4,-1,1,2,RIGHT,DOWN,True,True
5,3,5,1,0,-2,2,RIGHT,RIGHT,True,False
5,3,5,5,0,2,2,RIGHT,RIGHT,True,False
5,3,6,2,1,-1,2,RIGHT,DOWN,True,True
5,3,6,4,1,1,2,RIGHT,NONE,False,True
5,3,7,3,2,0,2,RIGHT,RIGHT,True,False
6,3,4,3,-2,0,2,RIGHT,DOWN,True,True
6,3,5,2,-1,-1,2,RIGHT,NONE,False,True
6,3,5,4,-1,1,2,RIGHT,NONE,False,True
6,3,6,1,0,-2,2,RIGHT,DOWN,True,True
6,3,6,5,0,2,2,RIGHT,RIGHT,True,False
6,3,7,2,1,-1,2,RIGHT,DOWN,True,True
6,3,7,4,1,1,2,RIGHT,NONE,False,True
6,3,8,3,2,0,2,RIGHT,DOWN,True,True
7,3,5,3,-2,0,2,RIGHT,RIGHT,True,False
7,3,6,2,-1,-1,2,RIGHT,DOWN,True,True
7,3,6,4,-1,1,2,RIGHT,NONE,False,True
7,3,7,1,0,-2,2,RIGHT,DOWN,True,True
7,3,7,5,0,2,2,RIGHT,RIGHT,True,False
7,3,8,2,1,-1,2,RIGHT,DOWN,True,True
7,3,8,4,1,1,2,RIGHT,DOWN,True,True
7,3,9,3,2,0,2,RIGHT,NONE,False,True
8,3,6,3,-2,0,2,DOWN,RIGHT,True,True
8,3,7,2,-1,-1,2,DOWN,DOWN,True,False
8,3,7,4,-1,1,2,DOWN,NONE,False,True
8,3,8,1,0,-2,2,DOWN,DOWN,True,False
8,3,8,5,0,2,2,DOWN,NONE,True,True
8,3,9,2,1,-1,2,DOWN,NONE,False,True
8,3,9,4,1,1,2,DOWN,NONE,False,True
8,3,10,3,2,0,2,DOWN,NONE,False,True
1,4,-1,4,-2,0,2,DOWN,NONE,False,True
1,4,0,3,-1,-1,2,DOWN,NONE,False,True
1,4,0,5,-1,1,2,DOWN,NONE,False,True
1,4,1,2,0,-2,2,DOWN,DOWN,True,False
1,4,1,6,0,2,2,DOWN,NONE,False,True
1,4,2,3,1,-1,2,DOWN,DOWN,True,False
1,4,2,5,1,1,2,DOWN,RIGHT,True,True
1,4,3,4,2,0,2,DOWN,DOWN,True,False
2,4,0,4,-2,0,2,DOWN,NONE,False,True
2,4,1,3,-1,-1,2,DOWN,DOWN,True,False
2,4,1,5,-1,1,2,DOWN,RIGHT,True,True
2,4,2,2,0,-2,2,DOWN,DOWN,True,False
2,4,2,6,0,2,2,DOWN,NONE,False,True
2,4,3,3,1,-1,2,DOWN,DOWN,True,False
2,4,3,5,1,1,2,DOWN,RIGHT,True,True
2,4,4,4,2,0,2,DOWN,DOWN,True,False
3,4,1,4,-2,0,2,DOWN,DOWN,True,False
3,4,2,3,-1,-1,2,DOWN,DOWN,True,False
3,4,2,5,-1,1,2,DOWN,RIGHT,True,True
3,4,3,2,0,-2,2,DOWN,NONE,False,True
3,4,3,6,0,2,2,DOWN,NONE,False,True
3,4,4,3,1,-1,2,DOWN,DOWN,True,False
3,4,4,5,1,1,2,DOWN,RIGHT,True,True
3,4,5,4,2,0,2,DOWN,NONE,False,True
4,4,2,4,-2,0,2,DOWN,DOWN,True,False
4,4,3,3,-1,-1,2,DOWN,DOWN,True,False
4,4,3,5,-1,1,2,DOWN,RIGHT,True,True
4,4,4,2,0,-2,2,DOWN,NONE,False,True
4,4,4,6,0,2,2,DOWN,NONE,False,True
4,4,5,3,1,-1,2,DOWN,RIGHT,True,True
4,4,5,5,1,1,2,DOWN,RIGHT,True,True
4,4,6,4,2,0,2,DOWN,NONE,False,True
8,4,6,4,-2,0,2,DOWN,NONE,False,True
8,4,7,3,-1,-1,2,DOWN,RIGHT,True,True
8,4,7,5,-1,1,2,DOWN,RIGHT,True,True
8,4,8,2,0,-2,2,DOWN,DOWN,True,False
8,4,8,6,0,2,2,DOWN,NONE,False,True
8,4,9,3,1,-1,2,DOWN,NONE,False,True
8,4,9,5,1,1,2,DOWN,NONE,False,True
8,4,10,4,2,0,2,DOWN,NONE,False,True
1,5,-1,5,-2,0,2,RIGHT,NONE,False,True
1,5,0,4,-1,-1,2,RIGHT,NONE,False,True
1,5,0,6,-1,1,2,RIGHT,NONE,False,True
1,5,1,3,0,-2,2,RIGHT,DOWN,True,True
1,5,1,7,0,2,2,RIGHT,NONE,False,True
1,5,2,4,1,-1,2,RIGHT,DOWN,True,True
1,5,2,6,1,1,2,RIGHT,NONE,False,True
1,5,3,5,2,0,2,RIGHT,RIGHT,True,False
2,5,0,5,-2,0,2,RIGHT,NONE,False,True
2,5,1,4,-1,-1,2,RIGHT,DOWN,True,True
2,5,1,6,-1,1,2,RIGHT,NONE,False,True
2,5,2,3,0,-2,2,RIGHT,DOWN,True,True
2,5,2,7,0,2,2,RIGHT,NONE,False,True
2,5,3,4,1,-1,2,RIGHT,DOWN,True,True
2,5,3,6,1,1,2,RIGHT,NONE,False,True
2,5,4,5,2,0,2,RIGHT,RIGHT,True,False
3,5,1,5,-2,0,2,RIGHT,RIGHT,True,False
3,5,2,4,-1,-1,2,RIGHT,DOWN,True,True
3,5,2,6,-1,1,2,RIGHT,NONE,False,True
3,5,3,3,0,-2,2,RIGHT,DOWN,True,True
3,5,3,7,0,2,2,RIGHT,NONE,False,True
3,5,4,4,1,-1,2,RIGHT,DOWN,True,True
3,5,4,6,1,1,2,RIGHT,NONE,False,True
3,5,5,5,2,0,2,RIGHT,RIGHT,True,False
4,5,2,5,-2,0,2,RIGHT,RIGHT,True,False
4,5,3,4,-1,-1,2,RIGHT,DOWN,True,True
4,5,3,6,-1,1,2,RIGHT,NONE,False,True
4,5,4,3,0,-2,2,RIGHT,DOWN,True,True
4,5,4,7,0,2,2,RIGHT,NONE,False,True
4,5,5,4,1,-1,2,RIGHT,NONE,False,True
4,5,5,6,1,1,2,RIGHT,NONE,False,True
4,5,6,5,2,0,2,RIGHT,RIGHT,True,False
5,5,3,5,-2,0,2,RIGHT,RIGHT,True,False
5,5,4,4,-1,-1,2,RIGHT,DOWN,True,True
5,5,4,6,-1,1,2,RIGHT,NONE,False,True
5,5,5,3,0,-2,2,RIGHT,RIGHT,True,False
5,5,5,7,0,2,2,RIGHT,NONE,False,True
5,5,6,4,1,-1,2,RIGHT,NONE,False,True
5,5,6,6,1,1,2,RIGHT,NONE,False,True
5,5,7,5,2,0,2,RIGHT,RIGHT,True,False
6,5,4,5,-2,0,2,RIGHT,RIGHT,True,False
6,5,5,4,-1,-1,2,RIGHT,NONE,False,True
6,5,5,6,-1,1,2,RIGHT,NONE,False,True
6,5,6,3,0,-2,2,RIGHT,RIGHT,True,False
6,5,6,7,0,2,2,RIGHT,NONE,False,True
6,5,7,4,1,-1,2,RIGHT,NONE,False,True
6,5,7,6,1,1,2,RIGHT,NONE,False,True
6,5,8,5,2,0,2,RIGHT,NONE,True,True
7,5,5,5,-2,0,2,RIGHT,RIGHT,True,False
7,5,6,4,-1,-1,2,RIGHT,NONE,False,True
7,5,6,6,-1,1,2,RIGHT,NONE,False,True
7,5,7,3,0,-2,2,RIGHT,RIGHT,True,False
7,5,7,7,0,2,2,RIGHT,NONE,False,True
7,5,8,4,1,-1,2,RIGHT,DOWN,True,True
7,5,8,6,1,1,2,RIGHT,NONE,False,True
7,5,9,5,2,0,2,RIGHT,NONE,False,True
