true_x,true_y,belief_x,belief_y,dx,dy,error_manhattan,oracle_action,agent_action,decision_diverged,belief_plannable,optimal_cost,agent_action_cost,decision_regret,action_collision,decision_adequate,case_type
1,1,-1,1,-2,0,2,DOWN,NONE,True,False,11,,,False,False,INVALID_BELIEF
1,1,0,0,-1,-1,2,DOWN,NONE,True,False,11,,,False,False,INVALID_BELIEF
1,1,0,2,-1,1,2,DOWN,NONE,True,False,11,,,False,False,INVALID_BELIEF
1,1,1,-1,0,-2,2,DOWN,NONE,True,False,11,,,False,False,INVALID_BELIEF
1,1,1,3,0,2,2,DOWN,DOWN,False,True,11,11,0,False,True,ADEQUATE
1,1,2,0,1,-1,2,DOWN,NONE,True,False,11,,,False,False,INVALID_BELIEF
1,1,2,2,1,1,2,DOWN,DOWN,False,True,11,11,0,False,True,ADEQUATE
1,1,3,1,2,0,2,DOWN,RIGHT,True,True,11,11,0,False,True,ADEQUATE
2,1,0,1,-2,0,2,DOWN,NONE,True,False,10,,,False,False,INVALID_BELIEF
2,1,1,0,-1,-1,2,DOWN,NONE,True,False,10,,,False,False,INVALID_BELIEF
2,1,1,2,-1,1,2,DOWN,DOWN,False,True,10,10,0,False,True,ADEQUATE
2,1,2,-1,0,-2,2,DOWN,NONE,True,False,10,,,False,False,INVALID_BELIEF
2,1,2,3,0,2,2,DOWN,DOWN,False,True,10,10,0,False,True,ADEQUATE
2,1,3,0,1,-1,2,DOWN,NONE,True,False,10,,,False,False,INVALID_BELIEF
2,1,3,2,1,1,2,DOWN,NONE,True,False,10,,,False,False,INVALID_BELIEF
2,1,4,1,2,0,2,DOWN,RIGHT,True,True,10,10,0,False,True,ADEQUATE
3,1,1,1,-2,0,2,RIGHT,DOWN,True,True,9,10,1,True,False,INADEQUATE
3,1,2,0,-1,-1,2,RIGHT,NONE,True,False,9,,,False,False,INVALID_BELIEF
3,1,2,2,-1,1,2,RIGHT,DOWN,True,True,9,10,1,True,False,INADEQUATE
3,1,3,-1,0,-2,2,RIGHT,NONE,True,False,9,,,False,False,INVALID_BELIEF
3,1,3,3,0,2,2,RIGHT,DOWN,True,True,9,10,1,True,False,INADEQUATE
3,1,4,0,1,-1,2,RIGHT,NONE,True,False,9,,,False,False,INVALID_BELIEF
3,1,4,2,1,1,2,RIGHT,NONE,True,False,9,,,False,False,INVALID_BELIEF
3,1,5,1,2,0,2,RIGHT,RIGHT,False,True,9,9,0,False,True,ADEQUATE
4,1,2,1,-2,0,2,RIGHT,DOWN,True,True,8,9,1,True,False,INADEQUATE
4,1,3,0,-1,-1,2,RIGHT,NONE,True,False,8,,,False,False,INVALID_BELIEF
4,1,3,2,-1,1,2,RIGHT,NONE,True,False,8,,,False,False,INVALID_BELIEF
4,1,4,-1,0,-2,2,RIGHT,NONE,True,False,8,,,False,False,INVALID_BELIEF
4,1,4,3,0,2,2,RIGHT,DOWN,True,True,8,9,1,True,False,INADEQUATE
4,1,5,0,1,-1,2,RIGHT,NONE,True,False,8,,,False,False,INVALID_BELIEF
4,1,5,2,1,1,2,RIGHT,NONE,True,False,8,,,False,False,INVALID_BELIEF
4,1,6,1,2,0,2,RIGHT,DOWN,True,True,8,9,1,True,False,INADEQUATE
5,1,3,1,-2,0,2,RIGHT,RIGHT,False,True,7,7,0,False,True,ADEQUATE
5,1,4,0,-1,-1,2,RIGHT,NONE,True,False,7,,,False,False,INVALID_BELIEF
5,1,4,2,-1,1,2,RIGHT,NONE,True,False,7,,,False,False,INVALID_BELIEF
5,1,5,-1,0,-2,2,RIGHT,NONE,True,False,7,,,False,False,INVALID_BELIEF
5,1,5,3,0,2,2,RIGHT,RIGHT,False,True,7,7,0,False,True,ADEQUATE
5,1,6,0,1,-1,2,RIGHT,NONE,True,False,7,,,False,False,INVALID_BELIEF
5,1,6,2,1,1,2,RIGHT,DOWN,True,True,7,8,1,True,False,INADEQUATE
5,1,7,1,2,0,2,RIGHT,DOWN,True,True,7,8,1,True,False,INADEQUATE
6,1,4,1,-2,0,2,DOWN,RIGHT,True,True,6,6,0,False,True,ADEQUATE
6,1,5,0,-1,-1,2,DOWN,NONE,True,False,6,,,False,False,INVALID_BELIEF
6,1,5,2,-1,1,2,DOWN,NONE,True,False,6,,,False,False,INVALID_BELIEF
6,1,6,-1,0,-2,2,DOWN,NONE,True,False,6,,,False,False,INVALID_BELIEF
6,1,6,3,0,2,2,DOWN,RIGHT,True,True,6,6,0,False,True,ADEQUATE
6,1,7,0,1,-1,2,DOWN,NONE,True,False,6,,,False,False,INVALID_BELIEF
6,1,7,2,1,1,2,DOWN,DOWN,False,True,6,6,0,False,True,ADEQUATE
6,1,8,1,2,0,2,DOWN,DOWN,False,True,6,6,0,False,True,ADEQUATE
7,1,5,1,-2,0,2,DOWN,RIGHT,True,True,5,5,0,False,True,ADEQUATE
7,1,6,0,-1,-1,2,DOWN,NONE,True,False,5,,,False,False,INVALID_BELIEF
7,1,6,2,-1,1,2,DOWN,DOWN,False,True,5,5,0,False,True,ADEQUATE
7,1,7,-1,0,-2,2,DOWN,NONE,True,False,5,,,False,False,INVALID_BELIEF
7,1,7,3,0,2,2,DOWN,RIGHT,True,True,5,5,0,False,True,ADEQUATE
7,1,8,0,1,-1,2,DOWN,NONE,True,False,5,,,False,False,INVALID_BELIEF
7,1,8,2,1,1,2,DOWN,DOWN,False,True,5,5,0,False,True,ADEQUATE
7,1,9,1,2,0,2,DOWN,NONE,True,False,5,,,False,False,INVALID_BELIEF
8,1,6,1,-2,0,2,DOWN,DOWN,False,True,4,4,0,False,True,ADEQUATE
8,1,7,0,-1,-1,2,DOWN,NONE,True,False,4,,,False,False,INVALID_BELIEF
8,1,7,2,-1,1,2,DOWN,DOWN,False,True,4,4,0,False,True,ADEQUATE
8,1,8,-1,0,-2,2,DOWN,NONE,True,False,4,,,False,False,INVALID_BELIEF
8,1,8,3,0,2,2,DOWN,DOWN,False,True,4,4,0,False,True,ADEQUATE
8,1,9,0,1,-1,2,DOWN,NONE,True,False,4,,,False,False,INVALID_BELIEF
8,1,9,2,1,1,2,DOWN,NONE,True,False,4,,,False,False,INVALID_BELIEF
8,1,10,1,2,0,2,DOWN,NONE,True,False,4,,,False,False,INVALID_BELIEF
1,2,-1,2,-2,0,2,DOWN,NONE,True,False,10,,,False,False,INVALID_BELIEF
1,2,0,1,-1,-1,2,DOWN,NONE,True,False,10,,,False,False,INVALID_BELIEF
1,2,0,3,-1,1,2,DOWN,NONE,True,False,10,,,False,False,INVALID_BELIEF
1,2,1,0,0,-2,2,DOWN,NONE,True,False,10,,,False,False,INVALID_BELIEF
1,2,1,4,0,2,2,DOWN,DOWN,False,True,10,10,0,False,True,ADEQUATE
1,2,2,1,1,-1,2,DOWN,DOWN,False,True,10,10,0,False,True,ADEQUATE
1,2,2,3,1,1,2,DOWN,DOWN,False,True,10,10,0,False,True,ADEQUATE
1,2,3,2,2,0,2,DOWN,NONE,True,False,10,,,False,False,INVALID_BELIEF
2,2,0,2,-2,0,2,DOWN,NONE,True,False,9,,,False,False,INVALID_BELIEF
2,2,1,1,-1,-1,2,DOWN,DOWN,False,True,9,9,0,False,True,ADEQUATE
2,2,1,3,-1,1,2,DOWN,DOWN,False,True,9,9,0,False,True,ADEQUATE
2,2,2,0,0,-2,2,DOWN,NONE,True,False,9,,,False,False,INVALID_BELIEF
2,2,2,4,0,2,2,DOWN,DOWN,False,True,9,9,0,False,True,ADEQUATE
2,2,3,1,1,-1,2,DOWN,RIGHT,True,True,9,10,1,True,False,INADEQUATE
2,2,3,3,1,1,2,DOWN,DOWN,False,True,9,9,0,False,True,ADEQUATE
2,2,4,2,2,0,2,DOWN,NONE,True,False,9,,,False,False,INVALID_BELIEF
6,2,4,2,-2,0,2,DOWN,NONE,True,False,5,,,False,False,INVALID_BELIEF
6,2,5,1,-1,-1,2,DOWN,RIGHT,True,True,5,5,0,False,True,ADEQUATE
6,2,5,3,-1,1,2,DOWN,RIGHT,True,True,5,5,0,False,True,ADEQUATE
6,2,6,0,0,-2,2,DOWN,NONE,True,False,5,,,False,False,INVALID_BELIEF
6,2,6,4,0,2,2,DOWN,NONE,True,False,5,,,False,False,INVALID_BELIEF
6,2,7,1,1,-1,2,DOWN,DOWN,False,True,5,5,0,False,True,ADEQUATE
6,2,7,3,1,1,2,DOWN,RIGHT,True,True,5,5,0,False,True,ADEQUATE
6,2,8,2,2,0,2,DOWN,DOWN,False,True,5,5,0,False,True,ADEQUATE
7,2,5,2,-2,0,2,DOWN,NONE,True,False,4,,,False,False,INVALID_BELIEF
7,2,6,1,-1,-1,2,DOWN,DOWN,False,True,4,4,0,False,True,ADEQUATE
7,2,6,3,-1,1,2,DOWN,RIGHT,True,True,4,4,0,False,True,ADEQUATE
7,2,7,0,0,-2,2,DOWN,NONE,True,False,4,,,False,False,INVALID_BELIEF
7,2,7,4,0,2,2,DOWN,NONE,True,False,4,,,False,False,INVALID_BELIEF
7,2,8,1,1,-1,2,DOWN,DOWN,False,True,4,4,0,False,True,ADEQUATE
7,2,8,3,1,1,2,DOWN,DOWN,False,True,4,4,0,False,True,ADEQUATE
7,2,9,2,2,0,2,DOWN,NONE,True,False,4,,,False,False,INVALID_BELIEF
8,2,6,2,-2,0,2,DOWN,DOWN,False,True,3,3,0,False,True,ADEQUATE
8,2,7,1,-1,-1,2,DOWN,DOWN,False,True,3,3,0,False,True,ADEQUATE
8,2,7,3,-1,1,2,DOWN,RIGHT,True,True,3,4,1,True,False,INADEQUATE
8,2,8,0,0,-2,2,DOWN,NONE,True,False,3,,,False,False,INVALID_BELIEF
8,2,8,4,0,2,2,DOWN,DOWN,False,True,3,3,0,False,True,ADEQUATE
8,2,9,1,1,-1,2,DOWN,NONE,True,False,3,,,False,False,INVALID_BELIEF
8,2,9,3,1,1,2,DOWN,NONE,True,False,3,,,False,False,INVALID_BELIEF
8,2,10,2,2,0,2,DOWN,NONE,True,False,3,,,False,False,INVALID_BELIEF
1,3,-1,3,-2,0,2,DOWN,NONE,True,False,9,,,False,False,INVALID_BELIEF
1,3,0,2,-1,-1,2,DOWN,NONE,True,False,9,,,False,False,INVALID_BELIEF
1,3,0,4,-1,1,2,DOWN,NONE,True,False,9,,,False,False,INVALID_BELIEF
1,3,1,1,0,-2,2,DOWN,DOWN,False,True,9,9,0,False,True,ADEQUATE
1,3,1,5,0,2,2,DOWN,RIGHT,True,True,9,9,0,False,True,ADEQUATE
1,3,2,2,1,-1,2,DOWN,DOWN,False,True,9,9,0,False,True,ADEQUATE
1,3,2,4,1,1,2,DOWN,DOWN,False,True,9,9,0,False,True,ADEQUATE
1,3,3,3,2,0,2,DOWN,DOWN,False,True,9,9,0,False,True,ADEQUATE
2,3,0,3,-2,0,2,DOWN,NONE,True,False,8,,,False,False,INVALID_BELIEF
2,3,1,2,-1,-1,2,DOWN,DOWN,False,True,8,8,0,False,True,ADEQUATE
2,3,1,4,-1,1,2,DOWN,DOWN,False,True,8,8,0,False,True,ADEQUATE
2,3,2,1,0,-2,2,DOWN,DOWN,False,True,8,8,0,False,True,ADEQUATE
2,3,2,5,0,2,2,DOWN,RIGHT,True,True,8,8,0,False,True,ADEQUATE
2,3,3,2,1,-1,2,DOWN,NONE,True,False,8,,,False,False,INVALID_BELIEF
2,3,3,4,1,1,2,DOWN,DOWN,False,True,8,8,0,False,True,ADEQUATE
2,3,4,3,2,0,2,DOWN,DOWN,False,True,8,8,0,False,True,ADEQUATE
3,3,1,3,-2,0,2,DOWN,DOWN,False,True,7,7,0,False,True,ADEQUATE
3,3,2,2,-1,-1,2,DOWN,DOWN,False,True,7,7,0,False,True,ADEQUATE
3,3,2,4,-1,1,2,DOWN,DOWN,False,True,7,7,0,False,True,ADEQUATE
3,3,3,1,0,-2,2,DOWN,RIGHT,True,True,7,7,0,False,True,ADEQUATE
3,3,3,5,0,2,2,DOWN,RIGHT,True,True,7,7,0,False,True,ADEQUATE
3,3,4,2,1,-1,2,DOWN,NONE,True,False,7,,,False,False,INVALID_BELIEF
3,3,4,4,1,1,2,DOWN,DOWN,False,True,7,7,0,False,True,ADEQUATE
3,3,5,3,2,0,2,DOWN,RIGHT,True,True,7,7,0,False,True,ADEQUATE
4,3,2,3,-2,0,2,DOWN,DOWN,False,True,6,6,0,False,True,ADEQUATE
4,3,3,2,-1,-1,2,DOWN,NONE,True,False,6,,,False,False,INVALID_BELIEF
4,3,3,4,-1,1,2,DOWN,DOWN,False,True,6,6,0,False,True,ADEQUATE
4,3,4,1,0,-2,2,DOWN,RIGHT,True,True,6,6,0,False,True,ADEQUATE
4,3,4,5,0,2,2,DOWN,RIGHT,True,True,6,6,0,False,True,ADEQUATE
4,3,5,2,1,-1,2,DOWN,NONE,True,False,6,,,False,False,INVALID_BELIEF
4,3,5,4,1,1,2,DOWN,NONE,True,False,6,,,False,False,INVALID_BELIEF
4,3,6,3,2,0,2,DOWN,RIGHT,True,True,6,6,0,False,True,ADEQUATE
5,3,3,3,-2,0,2,RIGHT,DOWN,True,True,5,6,1,True,False,INADEQUATE
5,3,4,2,-1,-1,2,RIGHT,NONE,True,False,5,,,False,False,INVALID_BELIEF
5,3,4,4,-1,1,2,RIGHT,DOWN,True,True,5,6,1,True,False,INADEQUATE
5,3,5,1,0,-2,2,RIGHT,RIGHT,False,True,5,5,0,False,True,ADEQUATE
5,3,5,5,0,2,2,RIGHT,RIGHT,False,True,5,5,0,False,True,ADEQUATE
5,3,6,2,1,-1,2,RIGHT,DOWN,True,True,5,6,1,True,False,INADEQUATE
5,3,6,4,1,1,2,RIGHT,NONE,True,False,5,,,False,False,INVALID_BELIEF
5,3,7,3,2,0,2,RIGHT,RIGHT,False,True,5,5,0,False,True,ADEQUATE
6,3,4,3,-2,0,2,RIGHT,DOWN,True,True,4,5,1,True,False,INADEQUATE
6,3,5,2,-1,-1,2,RIGHT,NONE,True,False,4,,,False,False,INVALID_BELIEF
6,3,5,4,-1,1,2,RIGHT,NONE,True,False,4,,,False,False,INVALID_BELIEF
6,3,6,1,0,-2,2,RIGHT,DOWN,True,True,4,5,1,True,False,INADEQUATE
6,3,6,5,0,2,2,RIGHT,RIGHT,False,True,4,4,0,False,True,ADEQUATE
6,3,7,2,1,-1,2,RIGHT,DOWN,True,True,4,5,1,True,False,INADEQUATE
6,3,7,4,1,1,2,RIGHT,NONE,True,False,4,,,False,False,INVALID_BELIEF
6,3,8,3,2,0,2,RIGHT,DOWN,True,True,4,5,1,True,False,INADEQUATE
7,3,5,3,-2,0,2,RIGHT,RIGHT,False,True,3,3,0,False,True,ADEQUATE
7,3,6,2,-1,-1,2,RIGHT,DOWN,True,True,3,4,1,True,False,INADEQUATE
7,3,6,4,-1,1,2,RIGHT,NONE,True,False,3,,,False,False,INVALID_BELIEF
7,3,7,1,0,-2,2,RIGHT,DOWN,True,True,3,4,1,True,False,INADEQUATE
7,3,7,5,0,2,2,RIGHT,RIGHT,False,True,3,3,0,False,True,ADEQUATE
7,3,8,2,1,-1,2,RIGHT,DOWN,True,True,3,4,1,True,False,INADEQUATE
7,3,8,4,1,1,2,RIGHT,DOWN,True,True,3,4,1,True,False,INADEQUATE
7,3,9,3,2,0,2,RIGHT,NONE,True,False,3,,,False,False,INVALID_BELIEF
8,3,6,3,-2,0,2,DOWN,RIGHT,True,True,2,3,1,True,False,INADEQUATE
8,3,7,2,-1,-1,2,DOWN,DOWN,False,True,2,2,0,False,True,ADEQUATE
8,3,7,4,-1,1,2,DOWN,NONE,True,False,2,,,False,False,INVALID_BELIEF
8,3,8,1,0,-2,2,DOWN,DOWN,False,True,2,2,0,False,True,ADEQUATE
8,3,8,5,0,2,2,DOWN,NONE,True,True,2,,,False,False,INADEQUATE
8,3,9,2,1,-1,2,DOWN,NONE,True,False,2,,,False,False,INVALID_BELIEF
8,3,9,4,1,1,2,DOWN,NONE,True,False,2,,,False,False,INVALID_BELIEF
8,3,10,3,2,0,2,DOWN,NONE,True,False,2,,,False,False,INVALID_BELIEF
1,4,-1,4,-2,0,2,DOWN,NONE,True,False,8,,,False,False,INVALID_BELIEF
1,4,0,3,-1,-1,2,DOWN,NONE,True,False,8,,,False,False,INVALID_BELIEF
1,4,0,5,-1,1,2,DOWN,NONE,True,False,8,,,False,False,INVALID_BELIEF
1,4,1,2,0,-2,2,DOWN,DOWN,False,True,8,8,0,False,True,ADEQUATE
1,4,1,6,0,2,2,DOWN,NONE,True,False,8,,,False,False,INVALID_BELIEF
1,4,2,3,1,-1,2,DOWN,DOWN,False,True,8,8,0,False,True,ADEQUATE
1,4,2,5,1,1,2,DOWN,RIGHT,True,True,8,8,0,False,True,ADEQUATE
1,4,3,4,2,0,2,DOWN,DOWN,False,True,8,8,0,False,True,ADEQUATE
2,4,0,4,-2,0,2,DOWN,NONE,True,False,7,,,False,False,INVALID_BELIEF
2,4,1,3,-1,-1,2,DOWN,DOWN,False,True,7,7,0,False,True,ADEQUATE
2,4,1,5,-1,1,2,DOWN,RIGHT,True,True,7,7,0,False,True,ADEQUATE
2,4,2,2,0,-2,2,DOWN,DOWN,False,True,7,7,0,False,True,ADEQUATE
2,4,2,6,0,2,2,DOWN,NONE,True,False,7,,,False,False,INVALID_BELIEF
2,4,3,3,1,-1,2,DOWN,DOWN,False,True,7,7,0,False,True,ADEQUATE
2,4,3,5,1,1,2,DOWN,RIGHT,True,True,7,7,0,False,True,ADEQUATE
2,4,4,4,2,0,2,DOWN,DOWN,False,True,7,7,0,False,True,ADEQUATE
3,4,1,4,-2,0,2,DOWN,DOWN,False,True,6,6,0,False,True,ADEQUATE
3,4,2,3,-1,-1,2,DOWN,DOWN,False,True,6,6,0,False,True,ADEQUATE
3,4,2,5,-1,1,2,DOWN,RIGHT,True,True,6,6,0,False,True,ADEQUATE
3,4,3,2,0,-2,2,DOWN,NONE,True,False,6,,,False,False,INVALID_BELIEF
3,4,3,6,0,2,2,DOWN,NONE,True,False,6,,,False,False,INVALID_BELIEF
3,4,4,3,1,-1,2,DOWN,DOWN,False,True,6,6,0,False,True,ADEQUATE
3,4,4,5,1,1,2,DOWN,RIGHT,True,True,6,6,0,False,True,ADEQUATE
3,4,5,4,2,0,2,DOWN,NONE,True,False,6,,,False,False,INVALID_BELIEF
4,4,2,4,-2,0,2,DOWN,DOWN,False,True,5,5,0,False,True,ADEQUATE
4,4,3,3,-1,-1,2,DOWN,DOWN,False,True,5,5,0,False,True,ADEQUATE
4,4,3,5,-1,1,2,DOWN,RIGHT,True,True,5,6,1,True,False,INADEQUATE
4,4,4,2,0,-2,2,DOWN,NONE,True,False,5,,,False,False,INVALID_BELIEF
4,4,4,6,0,2,2,DOWN,NONE,True,False,5,,,False,False,INVALID_BELIEF
4,4,5,3,1,-1,2,DOWN,RIGHT,True,True,5,6,1,True,False,INADEQUATE
4,4,5,5,1,1,2,DOWN,RIGHT,True,True,5,6,1,True,False,INADEQUATE
4,4,6,4,2,0,2,DOWN,NONE,True,False,5,,,False,False,INVALID_BELIEF
8,4,6,4,-2,0,2,DOWN,NONE,True,False,1,,,False,False,INVALID_BELIEF
8,4,7,3,-1,-1,2,DOWN,RIGHT,True,True,1,2,1,True,False,INADEQUATE
8,4,7,5,-1,1,2,DOWN,RIGHT,True,True,1,2,1,True,False,INADEQUATE
8,4,8,2,0,-2,2,DOWN,DOWN,False,True,1,1,0,False,True,ADEQUATE
8,4,8,6,0,2,2,DOWN,NONE,True,False,1,,,False,False,INVALID_BELIEF
8,4,9,3,1,-1,2,DOWN,NONE,True,False,1,,,False,False,INVALID_BELIEF
8,4,9,5,1,1,2,DOWN,NONE,True,False,1,,,False,False,INVALID_BELIEF
8,4,10,4,2,0,2,DOWN,NONE,True,False,1,,,False,False,INVALID_BELIEF
1,5,-1,5,-2,0,2,RIGHT,NONE,True,False,7,,,False,False,INVALID_BELIEF
1,5,0,4,-1,-1,2,RIGHT,NONE,True,False,7,,,False,False,INVALID_BELIEF
1,5,0,6,-1,1,2,RIGHT,NONE,True,False,7,,,False,False,INVALID_BELIEF
1,5,1,3,0,-2,2,RIGHT,DOWN,True,True,7,8,1,True,False,INADEQUATE
1,5,1,7,0,2,2,RIGHT,NONE,True,False,7,,,False,False,INVALID_BELIEF
1,5,2,4,1,-1,2,RIGHT,DOWN,True,True,7,8,1,True,False,INADEQUATE
1,5,2,6,1,1,2,RIGHT,NONE,True,False,7,,,False,False,INVALID_BELIEF
1,5,3,5,2,0,2,RIGHT,RIGHT,False,True,7,7,0,False,True,ADEQUATE
2,5,0,5,-2,0,2,RIGHT,NONE,True,False,6,,,False,False,INVALID_BELIEF
2,5,1,4,-1,-1,2,RIGHT,DOWN,True,True,6,7,1,True,False,INADEQUATE
2,5,1,6,-1,1,2,RIGHT,NONE,True,False,6,,,False,False,INVALID_BELIEF
2,5,2,3,0,-2,2,RIGHT,DOWN,True,True,6,7,1,True,False,INADEQUATE
2,5,2,7,0,2,2,RIGHT,NONE,True,False,6,,,False,False,INVALID_BELIEF
2,5,3,4,1,-1,2,RIGHT,DOWN,True,True,6,7,1,True,False,INADEQUATE
2,5,3,6,1,1,2,RIGHT,NONE,True,False,6,,,False,False,INVALID_BELIEF
2,5,4,5,2,0,2,RIGHT,RIGHT,False,True,6,6,0,False,True,ADEQUATE
3,5,1,5,-2,0,2,RIGHT,RIGHT,False,True,5,5,0,False,True,ADEQUATE
3,5,2,4,-1,-1,2,RIGHT,DOWN,True,True,5,6,1,True,False,INADEQUATE
3,5,2,6,-1,1,2,RIGHT,NONE,True,False,5,,,False,False,INVALID_BELIEF
3,5,3,3,0,-2,2,RIGHT,DOWN,True,True,5,6,1,True,False,INADEQUATE
3,5,3,7,0,2,2,RIGHT,NONE,True,False,5,,,False,False,INVALID_BELIEF
3,5,4,4,1,-1,2,RIGHT,DOWN,True,True,5,6,1,True,False,INADEQUATE
3,5,4,6,1,1,2,RIGHT,NONE,True,False,5,,,False,False,INVALID_BELIEF
3,5,5,5,2,0,2,RIGHT,RIGHT,False,True,5,5,0,False,True,ADEQUATE
4,5,2,5,-2,0,2,RIGHT,RIGHT,False,True,4,4,0,False,True,ADEQUATE
4,5,3,4,-1,-1,2,RIGHT,DOWN,True,True,4,5,1,True,False,INADEQUATE
4,5,3,6,-1,1,2,RIGHT,NONE,True,False,4,,,False,False,INVALID_BELIEF
4,5,4,3,0,-2,2,RIGHT,DOWN,True,True,4,5,1,True,False,INADEQUATE
4,5,4,7,0,2,2,RIGHT,NONE,True,False,4,,,False,False,INVALID_BELIEF
4,5,5,4,1,-1,2,RIGHT,NONE,True,False,4,,,False,False,INVALID_BELIEF
4,5,5,6,1,1,2,RIGHT,NONE,True,False,4,,,False,False,INVALID_BELIEF
4,5,6,5,2,0,2,RIGHT,RIGHT,False,True,4,4,0,False,True,ADEQUATE
5,5,3,5,-2,0,2,RIGHT,RIGHT,False,True,3,3,0,False,True,ADEQUATE
5,5,4,4,-1,-1,2,RIGHT,DOWN,True,True,3,4,1,True,False,INADEQUATE
5,5,4,6,-1,1,2,RIGHT,NONE,True,False,3,,,False,False,INVALID_BELIEF
5,5,5,3,0,-2,2,RIGHT,RIGHT,False,True,3,3,0,False,True,ADEQUATE
5,5,5,7,0,2,2,RIGHT,NONE,True,False,3,,,False,False,INVALID_BELIEF
5,5,6,4,1,-1,2,RIGHT,NONE,True,False,3,,,False,False,INVALID_BELIEF
5,5,6,6,1,1,2,RIGHT,NONE,True,False,3,,,False,False,INVALID_BELIEF
5,5,7,5,2,0,2,RIGHT,RIGHT,False,True,3,3,0,False,True,ADEQUATE
6,5,4,5,-2,0,2,RIGHT,RIGHT,False,True,2,2,0,False,True,ADEQUATE
6,5,5,4,-1,-1,2,RIGHT,NONE,True,False,2,,,False,False,INVALID_BELIEF
6,5,5,6,-1,1,2,RIGHT,NONE,True,False,2,,,False,False,INVALID_BELIEF
6,5,6,3,0,-2,2,RIGHT,RIGHT,False,True,2,2,0,False,True,ADEQUATE
6,5,6,7,0,2,2,RIGHT,NONE,True,False,2,,,False,False,INVALID_BELIEF
6,5,7,4,1,-1,2,RIGHT,NONE,True,False,2,,,False,False,INVALID_BELIEF
6,5,7,6,1,1,2,RIGHT,NONE,True,False,2,,,False,False,INVALID_BELIEF
6,5,8,5,2,0,2,RIGHT,NONE,True,True,2,,,False,False,INADEQUATE
7,5,5,5,-2,0,2,RIGHT,RIGHT,False,True,1,1,0,False,True,ADEQUATE
7,5,6,4,-1,-1,2,RIGHT,NONE,True,False,1,,,False,False,INVALID_BELIEF
7,5,6,6,-1,1,2,RIGHT,NONE,True,False,1,,,False,False,INVALID_BELIEF
7,5,7,3,0,-2,2,RIGHT,RIGHT,False,True,1,1,0,False,True,ADEQUATE
7,5,7,7,0,2,2,RIGHT,NONE,True,False,1,,,False,False,INVALID_BELIEF
7,5,8,4,1,-1,2,RIGHT,DOWN,True,True,1,2,1,True,False,INADEQUATE
7,5,8,6,1,1,2,RIGHT,NONE,True,False,1,,,False,False,INVALID_BELIEF
7,5,9,5,2,0,2,RIGHT,NONE,True,False,1,,,False,False,INVALID_BELIEF
